"date","strain","species","treat","repl","Population density","Size","Phycoerythrin","Chlorophyll","Phycocyanin","pcgr"
1,"2383","VIII","A","1",3592.22670545239,3.22183551477193,2.06691763965806,3.72411737384948,6.32687486532348,-0.0219581780054138
2,"2383","VIII","A","1",3514.20766479965,3.15823580038916,2.15044401222936,4.10322287076527,6.72066460221084,-0.0680688411252274
3,"2383","VIII","A","1",3282.95930677232,3.22061698311877,2.12708728376939,4.19297577594155,6.81321517650748,-0.0672181724593884
4,"2383","VIII","A","1",3069.53802815747,3.4372047904258,2.16895093191415,4.33934368081391,6.96288759708405,0.0844464651528633
5,"2383","VIII","A","1",3340.00911491473,3.5721856112099,2.27410934904688,4.52742570727442,7.08196386703787,-0.023934062320473
6,"2383","VIII","A","1",3261.01818623557,3.61237982456242,2.17188878648824,4.57998510975871,7.23481830401767,0.0344379497679826
7,"2383","VIII","A","1",3375.27709591898,3.58647161793637,2.14779724012483,4.56419301866651,7.21796553666061,0.141258650714621
8,"2383","VIII","A","1",3887.38258628132,3.49667405223904,2.13821941175713,4.39999657877936,7.00114747492167,0.146673289922422
9,"2383","VIII","A","1",4501.49410087557,3.35772677764755,2.13979675687013,4.31856058276043,6.87399030394682,0.0386987554302438
10,"2383","VIII","A","1",4679.110929325,3.36347345210769,2.12225132550158,4.16949258102968,6.77378731960545,NA
1,"2383","VIII","A","2",3592.74773576884,3.10037331074748,2.07626210746432,3.74037453216683,6.33725172408084,-0.0318490963025928
2,"2383","VIII","A","2",3480.12495394266,3.1701894611024,2.24605807331586,4.17186550893876,6.71889535680141,-0.0375422733339257
3,"2383","VIII","A","2",3351.89522982715,3.24085535851072,2.1432969955258,4.22002544914319,6.86064074872955,-0.0283349689643181
4,"2383","VIII","A","2",3258.25233199616,3.3571904152477,2.1470140925979,4.34193892868261,6.98688309734855,0.0439906716579923
5,"2383","VIII","A","2",3404.78443356831,3.50375826929139,2.15227648156869,4.47385730598986,7.13796146082437,-0.015740239208391
6,"2383","VIII","A","2",3351.61188426342,3.62265008626398,2.17538391865313,4.558642905421,7.23146393131619,0.00291201644547006
7,"2383","VIII","A","2",3361.38605755896,3.70125331308259,2.15899766229507,4.59456328749031,7.29755497754308,0.164819857609286
8,"2383","VIII","A","2",3963.68149423992,3.62457789340564,2.15613255870535,4.78584813038066,7.36496237652608,0.128409365520108
9,"2383","VIII","A","2",4506.77864622593,3.4885931324701,2.18446991400051,4.62585220535801,7.28163477664873,-0.0268781194200452
10,"2383","VIII","A","2",4387.25834737286,3.62417223099083,2.16562951665847,4.66393307666965,7.35414936464019,NA
1,"2383","VIII","A","3",3546.69842323064,3.20018032822512,2.09481890939819,3.76095512300578,6.34698195457459,-0.0649369545929624
2,"2383","VIII","A","3",3323.70523256536,3.14259214391024,2.13731707419326,4.13216071215729,6.71101371115044,0.0572632047139191
3,"2383","VIII","A","3",3519.58610624946,3.22901954462654,2.12357840139555,4.1668495359691,6.79113707465199,-0.094258403801947
4,"2383","VIII","A","3",3202.99079079794,3.3500181795983,2.1530838065342,4.34581447648239,6.97519818982802,-0.0345726985432834
5,"2383","VIII","A","3",3094.14710694912,3.54460783451796,2.15892145444329,4.50131933378677,7.13522972141703,0.0767326643859377
6,"2383","VIII","A","3",3340.91580088085,3.6381474214113,2.17456403692056,4.61465151930135,7.24579437853048,-0.0320342694323777
7,"2383","VIII","A","3",3235.58805965933,3.73505997338575,2.14912351485568,4.64704283270851,7.30257851087961,0.109083630776436
8,"2383","VIII","A","3",3608.50775503297,3.64121149094832,2.17288459203311,4.77574686968843,7.35505633696583,0.168645947613068
9,"2383","VIII","A","3",4271.39413915953,3.54130589486373,2.18160742562302,4.68145842544659,7.31080485449897,-0.000651904087820858
10,"2383","VIII","A","3",4268.61050728859,3.68189908811927,2.15514547134635,4.74856642111671,7.41410130051714,NA
1,"2383","VIII","AT","1",3494.0171336496,3.08883610763707,2.08889515061089,3.77031738321027,6.38789730238988,0.0508009218567893
2,"2383","VIII","AT","1",3676.10231478948,3.19623322763394,2.11998255090001,4.31972076044869,6.85536319128017,0.0299214625798644
3,"2383","VIII","AT","1",3787.7588050652,3.23045918346193,2.13152990813798,4.30395768026807,6.90384132043639,-0.0821094136056417
4,"2383","VIII","AT","1",3489.17418939718,3.46487921975638,2.15716412333693,4.4645940457098,7.14087734597176,0.119552129144307
5,"2383","VIII","AT","1",3932.2713689718,3.33324526119395,2.14033254289825,4.50986188650131,7.1281071472913,0.104503389280103
6,"2383","VIII","AT","1",4365.44706610754,3.3018600242046,2.14738933397203,4.3248695813589,6.96627042120847,0.0876496675972431
7,"2383","VIII","AT","1",4765.34659574312,3.32277090637264,2.14191047280853,4.15305794188735,6.83395110422175,0.0305320469698798
8,"2383","VIII","AT","1",4913.08630286352,3.40903529927061,2.1133402585029,4.0913477248159,6.75188435850472,NA
9,"2383","VIII","AT","1",8424.61333502385,2.99565065847644,2.08559553940774,3.94806152384896,6.62847130828434,-0.0540045377532411
10,"2383","VIII","AT","1",7981.71293933885,2.8936767895947,2.06621456882615,3.87792867518493,6.5533019893375,NA
1,"2383","VIII","AT","2",3457.56918826217,3.09279315324447,2.12199845697791,3.8054777748189,6.39588690479757,0.133039353538528
2,"2383","VIII","AT","2",3949.5638257753,3.1325437691341,2.1304122162878,4.33165160463618,6.88008147398793,0.00582808088482971
3,"2383","VIII","AT","2",3972.64941019362,3.17813841967747,2.14905416081692,4.2556847701519,6.86305888579984,-0.0133999793028276
4,"2383","VIII","AT","2",3919.77106591059,3.38305871785312,2.18173294127831,4.42583244451687,7.08585841100921,0.126228518676086
5,"2383","VIII","AT","2",4447.14256283716,3.28491459866077,2.16267973809427,4.47648600397479,7.10771068213642,0.0603291394241131
6,"2383","VIII","AT","2",4723.69299867388,3.27033629489788,2.15667815604171,4.30100396428196,6.97182001149068,NA
7,"2383","VIII","AT","2",8542.16099680609,2.85714265412149,2.07390651315663,3.99216003160295,6.74225018738001,0.0840490681365221
8,"2383","VIII","AT","2",9291.15700426855,3.00030468250619,2.06879177836319,3.98437185939466,6.69274399095449,-0.00234557901149468
9,"2383","VIII","AT","2",9269.38940020442,2.95868655348589,2.09810567100492,3.8872368152838,6.61550940613584,-0.0161556438972225
10,"2383","VIII","AT","2",9120.83963546323,2.92247116965153,2.06530342204171,3.82436207388387,6.52459430639005,NA
1,"2383","VIII","AT","3",3648.69177505407,3.07903006364401,2.09281815883121,3.81312916084863,6.39843599828215,0.0114563753440924
2,"2383","VIII","AT","3",3690.73291727774,3.12796498009374,2.15096870994261,4.32528106681404,6.8720889395584,0.0626899786312465
3,"2383","VIII","AT","3",3929.5111920384,3.1467514391277,2.22887147334017,4.29859524223877,6.84727259037193,-0.0463995010458269
4,"2383","VIII","AT","3",3751.34911200165,3.34764458416841,2.15568639660308,4.44385516352921,7.10652640548484,0.197703345392653
5,"2383","VIII","AT","3",4571.39716642438,3.1991447354871,2.15263496883273,4.45716859144994,7.08864800079885,0.0871163665164694
6,"2383","VIII","AT","3",4987.50233503153,3.20236140444051,2.1334404390663,4.28661616304103,6.96123148120802,NA
7,"2383","VIII","AT","3",8967.01052649004,2.79896461619516,2.06316946554439,4.00968246000193,6.79009416417217,0.0164530222870496
8,"2383","VIII","AT","3",9115.76532789265,2.94017717270159,2.07682056043109,3.95510081517613,6.69458913356415,-0.03071238197647
9,"2383","VIII","AT","3",8840.0540085393,2.92661272989001,2.08655482188293,3.87323895236424,6.62856454358782,0.0811808251921904
10,"2383","VIII","AT","3",9587.63081938638,2.91453050342325,2.07914625318321,3.83630330295868,6.57180246969336,NA
1,"2383","VIII","C","1",3392.65478712079,3.13072198124361,2.12020606974678,4.11720346905696,6.80354937674111,0.902557998974814
2,"2383","VIII","C","1",8365.95703158805,3.16905191328381,2.10966610055403,4.64584155070676,7.33764785385372,0.595273411292909
3,"2383","VIII","C","1",15171.8865805761,2.85395740484544,2.12642796212695,4.2588268491003,7.06530238380117,0.525838995832294
4,"2383","VIII","C","1",25668.9770496526,2.89924302348577,2.09175057490484,4.37888258586236,7.1054867052157,0.658275228461033
5,"2383","VIII","C","1",49578.5545612877,2.79848008798815,2.13694250707301,4.33050890646236,7.21823246636639,0.417267776064428
6,"2383","VIII","C","1",75250.7709366232,2.79514653695857,2.09924210660598,4.10875421692343,7.08021216041902,0.138421870108955
7,"2383","VIII","C","1",86422.496553149,2.54139188655251,2.07970399815833,3.78807413212259,6.8105879734417,0.0107344598860739
8,"2383","VIII","C","1",87355.1924127101,2.65267777774611,2.06765384051443,3.72468641346683,6.76194721353035,0.187160146027499
9,"2383","VIII","C","1",105334.671042001,2.61997594158568,2.092584986621,3.6444709656413,6.64195753238958,0.472586278456487
10,"2383","VIII","C","1",168971.304231731,2.5753586308968,2.08173071491911,3.61248511721752,6.62463053819697,NA
1,"2383","VIII","C","2",3289.44443859247,3.18422058719722,2.12607304768485,4.1372436044474,6.83240940206691,1.0519204753754
2,"2383","VIII","C","2",9418.1545546276,3.11660998483518,2.12665792314376,4.60219412716437,7.32074416051851,0.522821705406821
3,"2383","VIII","C","2",15886.3598130751,2.82547769152338,2.13209890833405,4.24435230251295,7.05885146980855,0.561388387082228
4,"2383","VIII","C","2",27850.4536345109,2.95067958809711,2.12894340147895,4.35065988713838,7.09617884241694,0.601580662997399
5,"2383","VIII","C","2",50827.1122402152,2.77112386032857,2.11774955581274,4.2667076715372,7.15502548184979,0.358537000300039
6,"2383","VIII","C","2",72745.4905112253,2.7591856294699,2.08371982037029,4.06609391679201,7.03480810404906,0.278988738989743
7,"2383","VIII","C","2",96154.4407888888,2.52300958559461,2.09285634834401,3.80864237381594,6.83732412888186,-0.0602292230306894
8,"2383","VIII","C","2",90534.0872050953,2.62454748806633,2.08320723711885,3.65401289347378,6.71771579990178,0.136923441918886
9,"2383","VIII","C","2",103819.091112748,2.60009211156331,2.09236184919454,3.61022031618808,6.63946481493343,0.0254546102272567
10,"2383","VIII","C","2",106495.686942358,2.50915034131021,2.05818453607823,3.483251697147,6.49367785108262,NA
1,"2383","VIII","C","3",3372.84614501249,3.19071169871393,2.11994989004654,4.12767524244194,6.82139175073929,0.973698443038191
2,"2383","VIII","C","3",8930.34818298392,3.08115139386903,2.13509058690845,4.60466118987041,7.33428721788984,0.481289277936198
3,"2383","VIII","C","3",14450.7260984006,2.79990768473771,2.12123785298253,4.25970389434191,7.08581161005176,0.604863618677847
4,"2383","VIII","C","3",26459.3152852165,2.95274931061777,2.1308241662029,4.35057247826247,7.07911882378513,0.469694136120157
5,"2383","VIII","C","3",42321.8041217814,2.75788589432575,2.10178647636565,4.34057469507567,7.21082326156134,0.538524875144172
6,"2383","VIII","C","3",72517.4550550281,2.7291999536903,2.07705846913055,4.13996307105243,7.06464347051305,0.246665827421074
7,"2383","VIII","C","3",92804.3134341613,2.57492393128246,2.0879613507921,3.91112965639041,6.91743295392723,-0.144524921376953
8,"2383","VIII","C","3",80315.9473448521,2.64661266664664,2.09796240031719,3.77135754823685,6.8524479341507,0.196388926911911
9,"2383","VIII","C","3",97744.5189546779,2.64549885416766,2.09418974726845,3.709780085255,6.72521386027649,0.452667691875601
10,"2383","VIII","C","3",153703.407036423,2.59760602771376,2.06950965860429,3.63435294135259,6.61172487357488,NA
1,"2383","VIII","T","1",4520.46846007736,2.93957031074425,2.22093621462422,4.15398467416349,6.76628920695056,0.752373431172461
2,"2383","VIII","T","1",9592.57211781077,3.19754720902848,2.14441926009506,4.56817156054545,7.28607978931693,0.509490609773334
3,"2383","VIII","T","1",15966.2907404088,2.97123032370773,2.10285753133638,4.28806454707139,7.06418948512072,0.790375519841795
4,"2383","VIII","T","1",35193.2812523058,2.71669009324603,2.10290523450062,4.2840502547324,6.99257746499849,0.607791531588533
5,"2383","VIII","T","1",64627.9333714936,2.80141170267706,2.05326281133152,4.25953428738962,7.10311812193936,0.316707782671676
6,"2383","VIII","T","1",88708.3928199214,2.79390674152539,2.08481767928718,4.03115221267008,6.9656888355518,0.462429543337655
7,"2383","VIII","T","1",140862.473403858,2.47556376399764,2.04175480079938,3.79315570118916,6.75102047891502,-0.0864561904836082
8,"2383","VIII","T","1",129195.641723023,2.67268990930251,2.09102639091761,3.60255291830244,6.61185916230148,0.18053545646532
9,"2383","VIII","T","1",154758.109559122,2.62393092659284,2.05236677992269,3.5324018793286,6.46137178528984,-0.0189464836121275
10,"2383","VIII","T","1",151853.589677276,2.68486618339469,2.04394432497583,3.46568598847245,6.38416181666823,NA
1,"2383","VIII","T","2",4171.85024915352,2.8665139949008,2.12277028035176,4.06945504969672,6.77500637832441,0.990202760576413
2,"2383","VIII","T","2",11229.7039144181,3.20923032752034,2.13995631595476,4.48088612905642,7.18523831499152,0.519490488555324
3,"2383","VIII","T","2",18879.0509385302,2.9897989330902,2.09639615813891,4.21618575439567,6.98866525264013,0.673740545649795
4,"2383","VIII","T","2",37032.408586989,2.77496599970239,2.1048807318291,4.32810927271173,7.04639937690135,0.743031566740902
5,"2383","VIII","T","2",77853.2001272516,2.77507120270895,2.10291447584765,4.07673362636868,6.92150650778903,0.360756325232738
6,"2383","VIII","T","2",111673.711473678,2.75153097715471,2.04049928087693,3.73874411490056,6.68456295001042,0.225400984649562
7,"2383","VIII","T","2",139907.615239733,2.43506036094688,2.03645823042237,3.52379457288166,6.48003095381569,0.0926787125144185
8,"2383","VIII","T","2",153493.930596099,2.68891479060844,2.04389231388617,3.38207997341236,6.38198494911194,-0.0363864400532469
9,"2383","VIII","T","2",148009.2225133,2.62000045765472,2.0409491182786,3.3265380663973,6.22814748872001,-0.0290568427123369
10,"2383","VIII","T","2",143770.423109245,2.68103347535055,2.03440183349039,3.25628111315501,6.12940336031108,NA
1,"2383","VIII","T","3",4317.60208276864,2.86995040253935,2.15899742641029,4.06051826814549,6.75278254587079,0.787250816511381
2,"2383","VIII","T","3",9487.27086543138,3.21967259318309,2.14405215750063,4.46987692104246,7.17631105133764,0.58890773133081
3,"2383","VIII","T","3",17096.2428425045,2.94903022376876,2.10476552073785,4.16202851322421,6.9396086600958,0.791023032464119
4,"2383","VIII","T","3",37708.3575295294,2.70276636579017,2.10291904419661,4.25563031557444,6.98443921630447,0.709884425305911
5,"2383","VIII","T","3",76689.6057030595,2.87757500919688,2.10892005429179,4.031891851518,6.87594566158809,0.366238668230914
6,"2383","VIII","T","3",110609.374794395,2.73939119712855,2.05953981450176,3.74097845320022,6.67125604681101,0.34754394984516
7,"2383","VIII","T","3",156577.140393214,2.51539037623805,2.05089671083553,3.53745898829249,6.45602015249743,-0.0262107705399449
8,"2383","VIII","T","3",152526.450645173,2.7054295354709,2.01942475747317,3.35724333971739,6.30588116168976,0.138307631633384
9,"2383","VIII","T","3",175150.509661106,2.6530730295553,2.03920561508307,3.31426062137884,6.17794540703695,-0.118057001569854
10,"2383","VIII","T","3",155646.694190485,2.71413804800278,2.01351304274655,3.27975096531257,6.11120095766947,NA
1,"2434","VIII","A","1",3997.60501206114,3.23560162119875,2.02816507071238,3.88216572754041,5.79773456853593,0.0130885068215682
2,"2434","VIII","A","1",4050.27160420369,3.09221972723324,2.11175645501791,4.04388220964843,6.24194049937093,0.00756059459472117
3,"2434","VIII","A","1",4081.01012010588,3.17124040509003,2.12800452102075,4.10465947960248,6.34519716627652,NA
4,"2434","VIII","A","1",3762.03082089385,3.26171269112304,2.10933477036277,4.20572562387835,6.50383956553154,0.0153502479491795
5,"2434","VIII","A","1",3820.22442725436,3.27491417150813,2.12343519864369,4.28745358923207,6.4535133433885,0.044753139398889
6,"2434","VIII","A","1",3995.07483369669,3.29857090757125,2.09628040508907,4.28853966218848,6.26349219017559,0.0495251994414577
7,"2434","VIII","A","1",4197.91305580661,3.26581750784789,2.04316543217149,4.25603602216528,6.13685326867395,0.00539697716800523
8,"2434","VIII","A","1",4220.63034392352,3.31959609831714,2.06029333516969,4.31798648052373,5.97272786214906,-0.00970313006178721
9,"2434","VIII","A","1",4179.87506539892,3.30722397726486,2.04090762286547,4.28312423016502,5.80670369269679,-0.0423527483855364
10,"2434","VIII","A","1",4006.54233613961,3.36886330008613,2.00733686019173,4.20070799906553,5.72904196341762,NA
1,"2434","VIII","A","2",4053.44100108371,3.19474825279923,2.04064265546743,3.89868331590348,5.84200844491962,0.0163510908576303
2,"2434","VIII","A","2",4120.26400891489,3.04009740480578,2.09347494421673,4.05186159822953,6.2462830453643,-0.00472595027055037
3,"2434","VIII","A","2",4100.83778594547,3.14220923944704,2.1131489796838,4.11743396665178,6.38406928414221,-0.0386803551371339
4,"2434","VIII","A","2",3945.24452434529,3.19175601137312,2.13311759735016,4.2015418692639,6.51452873380561,0.0227101330054034
5,"2434","VIII","A","2",4035.86667798093,3.27237271690855,2.13362268233786,4.37808448526324,6.69073987785651,0.0546588191588809
6,"2434","VIII","A","2",4262.60249427698,3.34213795168425,2.1246440603528,4.50388698007471,6.79641375977506,NA
7,"2434","VIII","A","2",3877.25244502189,3.35700579448159,2.14538481065482,4.56726128031013,6.8322047129629,0.0121955270451745
8,"2434","VIII","A","2",3924.82709136909,3.50285291385071,2.16719458187609,4.85463319564471,7.19593395214,NA
9,"2434","VIII","A","2",4483.47426098171,3.47823502583881,2.16729865095246,4.80089421596661,7.17758849582613,0.0151220653622027
10,"2434","VIII","A","2",4551.78887903969,3.51532813395773,2.16251997809135,4.7682167891337,7.18604685068131,NA
1,"2434","VIII","A","3",4184.39534714543,3.19230970435062,2.01338066403004,3.84343710802134,5.75871237690009,-0.0312289551440957
2,"2434","VIII","A","3",4055.74038821547,3.0720974541547,2.07993493331414,4.08684742930504,6.24813525177254,-0.00511973134604716
3,"2434","VIII","A","3",4035.02915024524,3.13686306863153,2.10351647774258,4.12266530803323,6.34161219015823,-0.0410810679380342
4,"2434","VIII","A","3",3872.62456018021,3.21218421456687,2.13046917262981,4.23586633000846,6.52767421665913,-0.0350335505897037
5,"2434","VIII","A","3",3739.30179255729,3.29543792950215,2.12808441638444,4.38540364837998,6.66659521654609,-0.00916615423436677
6,"2434","VIII","A","3",3705.18338178635,3.33093164521743,2.15987918033479,4.5084139041244,6.79645578465997,0.00652062710589925
7,"2434","VIII","A","3",3729.42244203044,3.40219236763073,2.1551372686304,4.61594017266467,6.87073943769514,0.0195804482325094
8,"2434","VIII","A","3",3803.16581317589,3.47132824787072,2.16965325041251,4.83076265531701,7.16651530183239,NA
9,"2434","VIII","A","3",4392.48660056048,3.46505856433764,2.17800236846596,4.83172931903144,7.18713781404199,0.00581010859859441
10,"2434","VIII","A","3",4418.08170790233,3.50844502289326,2.14754714429864,4.7448968187187,7.15948380180872,NA
1,"2434","VIII","AT","1",4172.30924620197,3.13873993776274,2.05191130749009,3.89233108473496,5.93522396413853,-0.0369011741174822
2,"2434","VIII","AT","1",4021.15222414257,3.08596773572304,2.13060136073207,4.15997979799806,6.36603325732468,-0.00854249959514821
3,"2434","VIII","AT","1",3986.94783638328,3.18629988984406,2.11992043992014,4.25377602637047,6.53294629497602,-0.04212991894972
4,"2434","VIII","AT","1",3822.46715384783,3.29364602737759,2.13085756132852,4.33251745905449,6.34813491788077,0.0996174858421174
5,"2434","VIII","AT","1",4222.86391951803,3.31207065673748,2.05672799297931,4.43978966173559,6.08622865488034,-0.0361723828986
6,"2434","VIII","AT","1",4072.84254174278,3.34812858795629,2.02831799490377,4.3270198599111,5.81458633580011,0.0658862825410855
7,"2434","VIII","AT","1",4350.22449329593,3.32762888806941,2.00028298626013,4.19468102094515,5.6998911984733,-0.016691309284087
8,"2434","VIII","AT","1",4278.21617912861,3.36062165086605,1.95196746940533,4.11983720064163,5.42030558304524,-0.0052167268811268
9,"2434","VIII","AT","1",4255.95600688592,3.37874766234405,1.97948942961296,4.08467855469743,5.35635949551576,0.000418605377242711
10,"2434","VIII","AT","1",4257.73794589431,3.40837597788591,1.95208766495779,4.09461800834091,5.33871319003306,NA
1,"2434","VIII","AT","2",4194.63749179587,3.11402004583524,2.02514726342299,3.87457241440431,5.89721752068935,-0.010723984694051
2,"2434","VIII","AT","2",4149.89460336166,3.10756314190605,2.11239517134078,4.18910651835474,6.38962638414974,0.0393483930812111
3,"2434","VIII","AT","2",4316.44147525043,3.19613983681252,2.14017943946926,4.27333389781975,6.56977904570831,-0.089719782644122
4,"2434","VIII","AT","2",3946.03606651188,3.31889761059034,2.11469723249695,4.35988623401781,6.39426324516535,0.114641383981693
5,"2434","VIII","AT","2",4425.3657550768,3.34724462799563,2.07673949974085,4.45843894474788,6.13062172641443,0.00861131193397001
6,"2434","VIII","AT","2",4463.63851283507,3.30617768819675,2.03226934135564,4.30484186292499,5.83580957958071,0.00324263193834917
7,"2434","VIII","AT","2",4478.13594184824,3.33563221191879,2.01727305202674,4.1794471350486,5.69479598336156,-0.0219074063465677
8,"2434","VIII","AT","2",4381.09839947147,3.32855359950739,1.98499088886293,4.14353834449473,5.50852324989621,0.0713893566569466
9,"2434","VIII","AT","2",4705.29667232483,3.39625867772364,1.95328532543935,3.99254259877497,5.37251188054208,-0.109986160048814
10,"2434","VIII","AT","2",4215.22371385249,3.39851857883682,1.94021139696723,4.01437354063173,5.35258346341497,NA
1,"2434","VIII","AT","3",4341.79294601766,3.13182595470914,2.03045156867597,3.93501186220428,5.93290671113914,-0.0760694600933084
2,"2434","VIII","AT","3",4023.76456712512,3.14779752457871,2.12018240626236,4.22735795325745,6.40420891075174,-0.0398725065780161
3,"2434","VIII","AT","3",3866.48342150891,3.23131439779934,2.14110218907657,4.28408063198391,6.55212514576159,0.0144490687227011
4,"2434","VIII","AT","3",3922.75607084399,3.29413250566509,2.12300853245917,4.40125856024021,6.47049857803141,0.0746262691419799
5,"2434","VIII","AT","3",4226.6966543638,3.40225124054603,2.08371703046566,4.47900167868901,6.16953550823151,-0.026776380339534
6,"2434","VIII","AT","3",4115.02280015995,3.37607954597542,2.02522233984144,4.31354738918343,5.82888286191834,0.0927018368450654
7,"2434","VIII","AT","3",4514.73373497443,3.39241471125846,2.01442264118847,4.16042854543859,5.6648989509915,0.0326984940448836
8,"2434","VIII","AT","3",4664.79880964317,3.37639211113007,1.92541491415085,4.0680335990007,5.38747320631244,-0.0226949008895122
9,"2434","VIII","AT","3",4560.12394855588,3.29479689300457,1.95085102799215,3.95475300515119,5.26597939357211,0.00885720031931858
10,"2434","VIII","AT","3",4600.69327997511,3.33474238896704,1.90069811732334,3.97892196081377,5.27951077396204,NA
1,"2434","VIII","C","1",3806.51124651714,3.16898981096416,2.13622813091758,4.30848015889782,6.68408463201646,1.00547280129545
2,"2434","VIII","C","1",10403.9535985209,3.17948332265632,2.11482905933302,4.54153565198319,7.07782857548701,0.299562504732047
3,"2434","VIII","C","1",14037.7256164244,3.22385164309219,2.12451635865366,4.54796029506786,7.11028096740159,0.401135489703126
4,"2434","VIII","C","1",20965.618506469,3.25610052131846,2.12973321974277,4.63311881664371,7.17832112312317,0.541151862238614
5,"2434","VIII","C","1",36018.6098182547,3.31882118476698,2.11556977653303,4.58480239287019,7.09753258354389,0.674625494975968
6,"2434","VIII","C","1",70715.2492558536,3.25802923657803,2.0580884081032,4.21626600274343,6.70363942330848,0.280598184616248
7,"2434","VIII","C","1",93621.4406361333,3.17698642277136,2.01016099249444,4.01878572106361,6.50034786637236,0.0199483452720495
8,"2434","VIII","C","1",95507.7856361147,3.13762410487712,2.00921804902175,3.68123744242784,6.11689684351095,0.159422261739205
9,"2434","VIII","C","1",112014.690837852,3.13018069570236,1.96999750544847,3.64457151613183,5.79496520606194,0.0699703592611055
10,"2434","VIII","C","1",120133.111457295,3.09609380088227,1.89897369294791,3.55537180551258,5.39394508329831,NA
1,"2434","VIII","C","2",4007.55668358002,3.15170396288688,2.13298907392211,4.31584061791887,6.66438538171512,0.936204737981195
2,"2434","VIII","C","2",10220.4078166072,3.21978456107305,2.13908214020596,4.56222427182081,7.10583432736989,0.304120021028969
3,"2434","VIII","C","2",13853.0650138091,3.22188102885663,2.10173158264049,4.54749692308011,7.11143701600137,0.561529743562809
4,"2434","VIII","C","2",24289.3079715989,3.30252105174898,2.10206813077861,4.59902113735159,7.12919633421017,0.469747017889581
5,"2434","VIII","C","2",38852.9213743839,3.32440768602003,2.10797793541887,4.54110037767286,7.05196124278605,0.74720273292167
6,"2434","VIII","C","2",82021.8769012233,3.25967892552655,2.05926910413103,4.21020857819939,6.67615000425579,0.131636953306861
7,"2434","VIII","C","2",93561.8725988387,3.15066606371942,2.02184860275066,3.90540462659803,6.33228661196075,0.0509639876125455
8,"2434","VIII","C","2",98453.7548555955,3.146967727442,1.95625787604805,3.54349107675228,5.82137399094326,0.0626677940783405
9,"2434","VIII","C","2",104821.063381631,3.15953139575937,1.89989803456919,3.46305937622195,5.40758347087931,-0.378379669058684
10,"2434","VIII","C","2",71799.3245838044,3.23334973317574,1.88709126362847,3.48278129934843,5.16206397150936,NA
1,"2434","VIII","C","3",4024.78258094841,3.19095508462504,2.10336589463447,4.30583869934082,6.65448088394968,0.980689513773357
2,"2434","VIII","C","3",10731.2538671739,3.15076333647487,2.11087310543691,4.55891388377239,7.09918783012478,0.240807001069733
3,"2434","VIII","C","3",13653.1109910995,3.20023271562889,2.11291264238679,4.56782492686484,7.14663395476425,0.455688406927964
4,"2434","VIII","C","3",21534.4895300918,3.30365313089175,2.11650025131829,4.62084159709264,7.13276347972203,0.515745921049626
5,"2434","VIII","C","3",36067.8445270171,3.29736269947711,2.12622721125646,4.60555387389646,7.12268331736577,0.646671595974811
6,"2434","VIII","C","3",68859.8535446441,3.21219048701736,2.08320856664161,4.30663179123595,6.78053427985756,0.275771382871373
7,"2434","VIII","C","3",90726.0670069959,3.13694748257023,2.0418887520606,4.07431494768586,6.597956307187,-0.0540420269123114
8,"2434","VIII","C","3",85953.1763565469,3.09605503418023,1.99956047044525,3.65145580104635,6.20520441532135,0.132576136985737
9,"2434","VIII","C","3",98138.409490727,3.13000587599849,2.00227206721228,3.63336373858862,5.89578144744511,0.0300228744247251
10,"2434","VIII","C","3",101129.482266979,3.09023850782991,1.8966881734008,3.57015178940346,5.45429620838897,NA
1,"2434","VIII","T","1",4125.34411253039,3.09645762358196,2.11707805730532,4.3750409427471,6.88773892107516,0.928590284443902
2,"2434","VIII","T","1",10440.9933037995,3.28941139831858,2.11872802839948,4.60176267362428,7.14323471289761,0.411636268636758
3,"2434","VIII","T","1",15758.4383587364,3.22682774219048,2.10732506006403,4.50766412046005,7.05453819769441,0.533031158362038
4,"2434","VIII","T","1",26853.7949253504,3.26718028454884,2.12421347395691,4.69272230117987,7.27485978729733,0.334844230946649
5,"2434","VIII","T","1",37534.1573070894,3.39877737498344,2.12348174995474,4.58318005041088,7.12849594016209,0.785879585005712
6,"2434","VIII","T","1",82362.5600160847,3.23933418587047,2.05496920825911,4.17296958627964,6.66766089895049,0.343630241764886
7,"2434","VIII","T","1",116135.91737247,3.08153766932975,2.04614495250509,3.98516386320112,6.37740886197387,-0.0568902753569282
8,"2434","VIII","T","1",109713.336386729,3.13867228176783,2.00239951872182,3.63863034288992,5.84831649769436,0.120459036018428
9,"2434","VIII","T","1",123758.237804229,3.08496295610126,1.91886680780576,3.55473695471883,5.42370745933281,-0.337880002709431
10,"2434","VIII","T","1",88274.3840919673,3.155285556293,1.86209118929052,3.52527073559418,5.12167866853328,NA
1,"2434","VIII","T","2",4126.56611171568,3.11526594908183,2.13309284863484,4.36530636077099,6.88521031178981,1.04552650139954
2,"2434","VIII","T","2",11739.6513057944,3.33798570106366,2.11835600580174,4.49356177789302,7.03206532542691,0.427066122884226
3,"2434","VIII","T","2",17993.9975972213,3.26278359276577,2.08728752596286,4.42575320022777,6.99483102097095,0.432859377667978
4,"2434","VIII","T","2",27740.6157861231,3.23705110216738,2.13160875006285,4.6406262208651,7.20819179775888,0.664218763251415
5,"2434","VIII","T","2",53899.2399327382,3.25665352473794,2.09165182166638,4.2650000988911,6.81025116500758,0.372369805937299
6,"2434","VIII","T","2",78216.9348522937,3.26855655129407,2.00920489388649,3.80123303451131,6.2819772098109,0.359080041771849
7,"2434","VIII","T","2",112007.543767213,3.0447026714938,1.98603489379372,3.73739186273302,5.92404706600734,-0.0302133736749622
8,"2434","VIII","T","2",108674.029921444,3.11671222261703,1.95168709903539,3.27766329319479,5.41745973166637,-0.0596182471880664
9,"2434","VIII","T","2",102384.425184343,3.08291355738203,1.82578273881716,3.24196430293446,5.01032098130341,-0.274374485678592
10,"2434","VIII","T","2",77817.0156596971,3.14548152806621,1.7612151033202,3.2535597779599,4.78735773660201,NA
1,"2434","VIII","T","3",3979.48742669608,3.07766710834035,2.1510878312486,4.33234245291133,6.83222325736202,1.06104876030194
2,"2434","VIII","T","3",11498.3297310468,3.34054431609473,2.09826545576585,4.48275047158402,6.98354284355589,0.426786833194138
3,"2434","VIII","T","3",17619.1894409971,3.25053447710077,2.0971184049808,4.38541466064786,6.9289299729876,0.571680787773561
4,"2434","VIII","T","3",31207.8418633962,3.31289447869042,2.1462950968771,4.63388879565026,7.20730999219332,0.661825201770041
5,"2434","VIII","T","3",60491.0007948301,3.31237546196766,2.07461420452334,4.33991808771649,6.86164581994532,0.41550252520308
6,"2434","VIII","T","3",91651.8474715788,3.28140929275011,2.02665571645949,3.78798683144728,6.27506102108565,0.138050675050164
7,"2434","VIII","T","3",105219.41189871,3.07192817006769,1.93453428338075,3.6794396755803,5.79263409751433,0.121885609978643
8,"2434","VIII","T","3",118858.465179444,3.21510592813633,1.91579881300823,3.23386967655912,5.32838238806028,0.0338237885187372
9,"2434","VIII","T","3",122947.47178896,3.13391213599605,1.82162532566977,3.17980778850372,4.91379330769863,-0.399469026007612
10,"2434","VIII","T","3",82457.926342131,3.18223720639112,1.72378683125622,3.183623228986,4.67992430968534,NA
1,"2375","V","A","1",4308.63631206186,3.54635234197581,5.28264406656389,5.62325580150653,5.19245907063886,0.0305982914637953
2,"2375","V","A","1",4442.51094435093,3.64500403356837,5.65242194341381,6.09592809319259,5.51565232428594,-0.0330608570938837
3,"2375","V","A","1",4298.03906592962,3.6788952493357,5.55435285939721,6.15615982321914,5.56941871963188,0.00557302626308343
4,"2375","V","A","1",4322.05902027314,3.89825281177958,6.0178208788236,6.381615207841,5.72336464176575,0.0643515860274365
5,"2375","V","A","1",4609.33456128648,4.00282357454666,6.24742373552635,6.48322254667934,5.78336722531119,0.15225093517548
6,"2375","V","A","1",5367.35070077916,3.94511090873674,6.26068523102226,6.4170000256121,5.67987640308037,NA
7,"2375","V","A","1",8417.03099703,3.97901415800137,6.52992660592693,6.46444378052307,5.73675416157491,-0.0104560637908596
8,"2375","V","A","1",8329.4804984457,4.21115268020132,6.45053291009938,6.43224557977415,5.68761252032386,-0.059096817953011
9,"2375","V","A","1",7851.49744673591,4.37269895690444,6.37548345601872,6.41865874812203,5.66873284416241,-0.0422536660563671
10,"2375","V","A","1",7526.65413506772,4.53397650835831,6.62882973610321,6.56250273092634,5.84264534387974,NA
1,"2375","V","A","2",4389.15152056835,3.53489596538296,5.27743441521154,5.64157916606896,5.22065166757578,0.0301629381854468
2,"2375","V","A","2",4523.55808488036,3.63936437422412,5.69213706540398,6.10123581254335,5.52528542617814,-0.0185479704878558
3,"2375","V","A","2",4440.42858796999,3.67795839297403,5.63325159887678,6.15534172767831,5.56126348898583,0.0393427512551827
4,"2375","V","A","2",4618.60934341472,3.8900918903656,6.09438647603438,6.41976065640137,5.74149460707481,0.0122391927380063
5,"2375","V","A","2",4675.48473782495,3.99951284512815,6.32677002407018,6.49851733019038,5.78477108079519,0.186972870746836
6,"2375","V","A","2",5636.73904816127,3.93447044240708,6.32787859274445,6.39538349434217,5.67359534245653,NA
7,"2375","V","A","2",8688.29988657778,3.99462804094808,6.56375238663138,6.44541997685278,5.73957163943155,0.113071993397046
8,"2375","V","A","2",9728.3983512804,4.05866596628055,6.5748139366491,6.55426820683109,5.76842796564631,0.321798575753325
9,"2375","V","A","2",13421.3651187387,3.79451807412539,6.36121535759963,6.38940567240286,5.58710164729129,0.0637541999016563
10,"2375","V","A","2",14304.8987563992,3.8693679514908,6.46285654952529,6.47820036211003,5.65853128142406,NA
1,"2375","V","A","3",4204.43135652384,3.57053199362687,5.27742081844054,5.65481846080873,5.23973149291532,0.0330637541085738
2,"2375","V","A","3",4345.7693475574,3.5999868689722,5.64509526262711,6.07841154800065,5.50584937284238,-0.0349025143354805
3,"2375","V","A","3",4196.70751868782,3.65018590650919,5.53646974207677,6.11127228355359,5.53171729188268,0.0129065878399239
4,"2375","V","A","3",4251.22374537644,3.85534628432883,5.99990570093931,6.37010514635894,5.72177722326212,0.0114286157318187
5,"2375","V","A","3",4300.08804172607,3.99493325200806,6.25005180417951,6.48625627709299,5.76976863519183,0.169449633550085
6,"2375","V","A","3",5094.11081762356,3.91871848021235,6.25274821227911,6.40760960032669,5.67484786997036,0.375201474113604
7,"2375","V","A","3",7413.38095866224,3.93748510438264,6.4924972550576,6.46422904669365,5.74813656070455,0.1856848380257
8,"2375","V","A","3",8926.02746348975,4.15384496101088,6.61848855507958,6.62543385099522,5.83942263319392,0.318850563874458
9,"2375","V","A","3",12278.1591714088,3.84077769050265,6.32540492680227,6.44384134061626,5.64162987317794,0.0571271882348364
10,"2375","V","A","3",12999.9978894121,3.85798119268065,6.45086461408741,6.51207335872496,5.6778769641599,NA
1,"2375","V","AT","1",4377.79769949429,3.4839121790508,5.19764574983005,5.62042249855739,5.22009782898999,0.0568197532331161
2,"2375","V","AT","1",4633.74567835144,3.6501142353226,5.89038703361563,6.33717355053923,5.56988669467498,-0.0669697257625226
3,"2375","V","AT","1",4333.5879166931,3.77038701441518,6.08518572806812,6.47285542170374,5.66964633342227,0.101453160231572
4,"2375","V","AT","1",4796.32009639352,3.94555538898145,6.53955444169094,6.59205535294847,5.77809600454927,NA
5,"2375","V","AT","1",8384.74239206472,3.75495302389077,6.43399821134376,6.56543219542202,5.72630908766331,0.0587377064474798
6,"2375","V","AT","1",8891.9945107554,3.95683261960245,6.52351891724757,6.54107468940692,5.71018325789681,-0.180208990106577
7,"2375","V","AT","1",7425.66608194446,4.07959504051655,6.65433826881583,6.64200808399436,5.86680257993013,0.00397606938605782
8,"2375","V","AT","1",7455.24982004725,4.20345338056985,6.44589084762035,6.61232493607868,5.86238005492899,0.0385731470392291
9,"2375","V","AT","1",7748.440560332,4.31523150568795,6.5387429382069,6.59192037496943,5.84079409243813,-0.179392062262888
10,"2375","V","AT","1",6475.97737948962,4.33174166087152,6.70508128335931,6.78646581151574,6.1024119237321,NA
1,"2375","V","AT","2",4489.44111794491,3.46428597221302,5.23554791957985,5.63389047636652,5.2171269819732,0.0471853896135408
2,"2375","V","AT","2",4706.35447255001,3.69945142122132,5.98503086885971,6.41419512132391,5.58580431626545,-0.00380796059036098
3,"2375","V","AT","2",4688.46693932001,3.83551334590482,6.19996176948323,6.51990935404689,5.70421829731218,0.0324335563533924
4,"2375","V","AT","2",4843.02345637288,3.92323785948428,6.59351113132461,6.5830979133552,5.72974840625027,NA
5,"2375","V","AT","2",8797.0514516616,3.8001595118043,6.49160029359257,6.59609872372724,5.74477441357957,0.159838774464513
6,"2375","V","AT","2",10321.7712439456,3.88297025500373,6.46223759915341,6.46987580191344,5.64822934703393,-0.175572637857944
7,"2375","V","AT","2",8659.72303216256,4.02813333762441,6.60957466845585,6.59400167942479,5.83222293940143,0.00151534901430193
8,"2375","V","AT","2",8672.85548253335,4.21120135460114,6.65392990540388,6.64343194236185,5.89005441201893,0.137029341471447
9,"2375","V","AT","2",9946.56663803815,4.29297882397206,6.59422657727337,6.57046121752419,5.82474623064176,-0.266525633287708
10,"2375","V","AT","2",7619.43177594165,4.35957743533879,6.78200650306497,6.81201349729779,6.14608038613623,NA
1,"2375","V","AT","3",4426.39655405916,3.46991109070318,5.22829146290011,5.65559068359906,5.22300245118814,0.0876300735582523
2,"2375","V","AT","3",4831.78472484365,3.66616785149636,5.89077690621855,6.36529113542113,5.55608925417649,-0.0626080371099843
3,"2375","V","AT","3",4538.55132876369,3.82535320959854,6.19510644284364,6.53330432365988,5.70588303404558,0.172766518156263
4,"2375","V","AT","3",5394.47018305902,3.98270833333007,6.56064576321001,6.63608079560614,5.76888888198327,NA
5,"2375","V","AT","3",8779.64145563147,3.85011092307731,6.44231547903022,6.60313339657135,5.74924487204064,0.140535002906404
6,"2375","V","AT","3",10104.3959651592,3.87907491386801,6.59927817597703,6.63028384550758,5.71767135314984,-0.0440503258001493
7,"2375","V","AT","3",9668.95509658751,4.08463458057673,6.75940610381603,6.7244869735752,5.88124070675695,0.0306350654446786
8,"2375","V","AT","3",9969.74805033584,4.24724766192559,6.78473596502839,6.68493367685974,5.87902022196,-0.0501828615725891
9,"2375","V","AT","3",9481.78368792467,4.34619166265967,6.70800535517968,6.65962330256503,5.83899158436828,-0.200585129963192
10,"2375","V","AT","3",7758.48684779032,4.47459291419597,6.96573333487616,6.87082057169682,6.17623770071859,NA
1,"2375","V","C","1",4634.30745044133,3.70680122803419,5.59540922893079,5.78893604042523,5.1188792591421,0.808380515024704
2,"2375","V","C","1",10400.6394049032,3.62253865205783,5.98446999094861,6.04508326603458,5.19638223380129,0.433292134856674
3,"2375","V","C","1",16041.1840830822,3.4119697175995,5.8569281579743,5.86062630777148,5.00532813691038,0.374489192301568
4,"2375","V","C","1",23327.8660237177,3.43795429125871,5.81059558367965,5.72733610455353,4.97845799143952,0.245346395504974
5,"2375","V","C","1",29814.5046453696,3.6251222212632,5.76194501901651,5.6528676878344,4.96313993589537,0.0165869620891466
6,"2375","V","C","1",30313.1608667726,3.83489667533156,5.67153354254897,5.61606907940102,4.97731003780403,-0.0191597048778024
7,"2375","V","C","1",29737.8981801662,3.88917270641986,5.62564866474973,5.68932177308129,5.0755273154596,-0.0433703018597796
8,"2375","V","C","1",28475.7248169905,4.05178024252176,5.50949698067096,5.62535333889043,5.09469394751201,0.0373037303432793
9,"2375","V","C","1",29558.0372154312,4.24481196920392,5.35528020352361,5.4928103499049,5.01640349180948,-0.0777314676925922
10,"2375","V","C","1",27347.4756375392,4.27827518789665,5.4350885368383,5.48192342632844,5.19050142863994,NA
1,"2375","V","C","2",4407.61597606609,3.75912232285684,5.66805245408636,5.82593898416409,5.15048531695251,NA
2,"2375","V","C","2",11691.9225969244,3.5922762128023,5.91641190278224,6.03295099579753,5.1528808755141,0.348824102490048
3,"2375","V","C","2",16572.1293503984,3.41779878374761,5.89867789953917,5.89859081697124,5.00231309363946,0.38129033521255
4,"2375","V","C","2",24264.4584573079,3.54778012446503,5.8701115477719,5.68710787189541,4.88667531843802,0.300085512104107
5,"2375","V","C","2",32756.3939080659,3.58263070942918,5.64735946256764,5.57499960176539,4.85773563133078,0.0377141572421655
6,"2375","V","C","2",34015.3649932771,3.72351859717502,5.50319473738858,5.52855523541842,4.87895615437532,0.0453376212277907
7,"2375","V","C","2",35593.0343835381,3.78842499212111,5.54564484261679,5.62036491448261,5.02444223319592,-0.170327550409115
8,"2375","V","C","2",30018.7565587834,3.9838140012769,5.56314224201244,5.63413174049957,5.14656838718113,0.11078584383513
9,"2375","V","C","2",33535.6230593928,4.16208307801997,5.43011347598223,5.46636952274256,5.00026975793077,-0.165209909829131
10,"2375","V","C","2",28428.6755699355,4.23048576153443,5.48385702201468,5.45952352066478,5.1954364591016,NA
1,"2375","V","C","3",4840.89896672466,3.73511028107212,5.60924731395226,5.79905037705606,5.15112493160685,0.774492176613271
2,"2375","V","C","3",10502.2825265643,3.57629969694386,5.94706568673346,6.08979097188386,5.16288167895002,0.409098923165125
3,"2375","V","C","3",15810.7729534336,3.41672911283587,5.89505582693114,5.90459472287245,4.99655440536277,0.382631303813308
4,"2375","V","C","3",23180.765093752,3.6019210209632,5.79312250779938,5.72072460083386,4.92884316449273,0.19575043807825
5,"2375","V","C","3",28192.9876485875,3.59789743847291,5.69551821851357,5.61824989785877,4.91707614563354,0.112028236758251
6,"2375","V","C","3",31535.1097016495,3.72087630276917,5.60864995294855,5.5521394093983,4.90967190129156,0.038478917752254
7,"2375","V","C","3",32772.194807475,3.71666524239533,5.57843108622326,5.60471723010929,5.02241015993605,0.0298400937434082
8,"2375","V","C","3",33764.8570833631,3.94362308595733,5.5285477294418,5.64289822195128,5.14221541127011,-0.102741305634283
9,"2375","V","C","3",30468.0692290782,4.10894878351219,5.3758616264609,5.48706974377104,5.00407629187514,-0.128235481277955
10,"2375","V","C","3",26801.1217616757,4.09670673953693,5.44967649517487,5.50311306740326,5.19422084346241,NA
1,"2375","V","T","1",5597.33379101109,3.59223952498641,5.7327447260345,5.96367969208055,5.11918289024193,0.950644928665429
2,"2375","V","T","1",14482.4171645964,3.73939128483269,6.08014811521701,6.07833017802094,5.15536782375693,0.609318320628587
3,"2375","V","T","1",26635.7320608464,3.33412914071141,5.79124790249801,5.68013779989103,4.79803272666001,0.348721679319673
4,"2375","V","T","1",37749.6160291861,3.4061997725269,5.57403939000265,5.62776934607761,4.85626026823765,-0.0651842697396501
5,"2375","V","T","1",35367.4191903209,3.72560503592174,5.76674209114525,5.65721426447553,4.97822930038937,-0.0456685935861722
6,"2375","V","T","1",33788.5653131067,3.91111740654495,5.74418613753343,5.65433761359471,5.03647602197483,-0.0197810140593655
7,"2375","V","T","1",33126.7603933945,3.92734512774117,5.55069301626198,5.72394451459811,5.16596108596655,0.00198816161378912
8,"2375","V","T","1",33192.687261716,4.07162693302184,5.42859531306201,5.57310584682765,5.18695492021544,-0.122721881191807
9,"2375","V","T","1",29359.251432934,4.14505234418769,5.36116011539743,5.45346297513763,5.10513347857182,-0.0541322175526443
10,"2375","V","T","1",27812.2199236586,4.20180928648744,5.3932621222752,5.47999751477354,5.2572643275826,NA
1,"2375","V","T","2",5641.55186536434,3.58483998145831,5.70924312601457,5.94795936575983,5.10545125677371,0.948864812296885
2,"2375","V","T","2",14570.8650929922,3.81304080698559,6.03591219886356,5.97076764638475,5.10104820319094,0.587983042179536
3,"2375","V","T","2",26232.7081694092,3.37925344767486,5.70596848338341,5.61917730844575,4.83821196065576,0.386270818690559
4,"2375","V","T","2",38600.9873153898,3.29460362984788,5.50946599743623,5.55174189052617,4.85073835300247,-0.123344715856074
5,"2375","V","T","2",34121.6861081767,3.61768514569569,5.58729184606489,5.5305219889285,4.93712806271215,0.0205672689971554
6,"2375","V","T","2",34830.742688905,3.80108034829102,5.50975312094877,5.585549829856,5.03471629902868,-0.139243052206469
7,"2375","V","T","2",30303.3223553932,3.95130985147589,5.49884161451361,5.64876197029899,5.15798704250233,-0.0409702690638401
8,"2375","V","T","2",29086.8762981119,4.10387151894729,5.31711599201491,5.54573433197786,5.24375254747207,0.0183193701556728
9,"2375","V","T","2",29624.6402608834,4.24440350802739,5.25708854758739,5.38350468529595,5.12869212595622,-0.161924693634247
10,"2375","V","T","2",25195.9120886662,4.24474008020213,5.30846702881897,5.43714015680643,5.28837010764894,NA
1,"2375","V","T","3",5495.0048586651,3.56051440692227,5.65166406204313,5.96219052497693,5.10332542663656,0.974967750015561
2,"2375","V","T","3",14567.7068895868,3.78669222967555,6.05611635522772,6.00059606019306,5.12769136288881,0.510532418682447
3,"2375","V","T","3",24272.3936499954,3.36365202031631,5.75116604838821,5.61421434455293,4.83344353415412,0.326225001929751
4,"2375","V","T","3",33634.9142713173,3.35414435636095,5.64981409101477,5.61793400357489,4.90215903022414,0.0454860396761416
5,"2375","V","T","3",35200.1619116609,3.63276886625374,5.67033930631211,5.56761761809374,4.93261664680488,0.0912126465819654
6,"2375","V","T","3",38561.8454947665,3.86544713956363,5.64376270224003,5.60513113040025,5.02969139724701,-0.215261600902064
7,"2375","V","T","3",31093.5912256933,3.99237486127799,5.64223914218187,5.69269482169367,5.21553250667801,0.0342769245232374
8,"2375","V","T","3",32177.860454963,4.13863356128115,5.40880836665337,5.57159882615793,5.26960796370295,0.00445262036544817
9,"2375","V","T","3",32321.455702061,4.26278728268502,5.40299952477353,5.40493962127794,5.13353634840397,-0.204346570555729
10,"2375","V","T","3",26347.7979535338,4.18817525766203,5.40572791470317,5.41674564127612,5.2872628158941,NA
1,"2524","V","A","1",3738.00570821867,4.53965111614886,5.78027250366547,6.01199907169878,5.83981594558065,-0.0672109811993931
2,"2524","V","A","1",3495.02753800103,4.63006397293376,6.46145083437113,6.22883112579748,6.05352940124947,-0.0539389891061642
3,"2524","V","A","1",3311.50333422534,4.67377467115803,6.28846365058496,6.28740328302502,6.1252686013303,0.0110287975074543
4,"2524","V","A","1",3348.22737269437,4.78702562224441,6.41020696145024,6.28409484449377,6.14153490937906,-0.0505519188148095
5,"2524","V","A","1",3183.17505771077,4.88681406474378,6.62177016134219,6.38067881569011,6.22829600107056,-0.12862139666857
6,"2524","V","A","1",2798.98750891854,4.9264740595562,6.54241135439207,6.3886596937452,6.23054787483447,-0.0861101183710958
7,"2524","V","A","1",2568.05198616856,5.01928431391716,6.80850099495479,6.46951571763778,6.38098373680699,0.0458206867784046
8,"2524","V","A","1",2688.45940118397,5.03908832732566,6.66627366891605,6.43513616113242,6.3298975711834,-0.00255565608756114
9,"2524","V","A","1",2681.59739574702,5.09756502136588,6.62544109560549,6.42231214741866,6.29905667180816,-0.123893588696851
10,"2524","V","A","1",2369.12116862474,5.14325099662789,6.79415995476792,6.54967892445616,6.49731421201104,NA
1,"2524","V","A","2",3685.64142986912,4.47680956348378,5.84977825771679,6.05480596394462,5.87708327400493,-0.0600553700964049
2,"2524","V","A","2",3470.81419752216,4.63757523961103,6.40621211283553,6.20626236509488,6.06891806860998,-0.0326528495798911
3,"2524","V","A","2",3359.31255363834,4.68084882895152,6.29026886424981,6.28917684461921,6.15575085158149,-0.0238098904304196
4,"2524","V","A","2",3280.27239262666,4.69109685312618,6.21787350415445,6.37352887227023,6.18545134574914,0.0469008198672025
5,"2524","V","A","2",3437.78471363517,4.83907841707687,6.63670543458232,6.45221772832508,6.27611470940452,0.0351757063427573
6,"2524","V","A","2",3560.86321533973,4.86304994801303,6.72768170159537,6.54164899121989,6.35892440913083,NA
7,"2524","V","A","2",2587.44715162715,4.92951053604085,6.92796157732367,6.70156698099432,6.58975337456892,0.0987558880672821
8,"2524","V","A","2",2856.01592932995,5.01579987218336,6.81291663415224,6.61772011038812,6.4400647707613,0.0242210117209061
9,"2524","V","A","2",2926.03608096616,5.04366660046434,6.74504851082523,6.61196817747338,6.41659021998694,-0.0136317375051316
10,"2524","V","A","2",2886.41975830654,5.07187743172309,6.86774785870051,6.71662818378899,6.57155105645483,NA
1,"2524","V","A","3",3535.29807031624,4.50876827880403,5.82142253602657,6.09137762750237,5.94528240550555,-0.0147204913121628
2,"2524","V","A","3",3483.63791011824,4.64168931086433,6.49886227259661,6.24262251522452,6.08341380338618,-0.0143648178041259
3,"2524","V","A","3",3433.95379224292,4.64161725956966,6.36087558795387,6.26473871217932,6.114390872569,-0.0686556651321769
4,"2524","V","A","3",3206.10447597051,4.71915396724393,6.31441564292424,6.36950624445232,6.17758700223842,0.00270836649297918
5,"2524","V","A","3",3214.79955131654,4.839199723291,6.67427690333325,6.43025680834597,6.22709487193872,-0.0958960530048603
6,"2524","V","A","3",2920.83330731127,4.82401776512257,6.78052122560674,6.53291644092405,6.37745910678272,-0.205544975262917
7,"2524","V","A","3",2378.15262791506,4.93522899883476,6.88764849295712,6.70329447872661,6.60992553745177,NA
8,"2524","V","A","3",2897.25838973076,5.03783026991372,6.85040591072471,6.63602883978742,6.4692646199962,-0.101404482101531
9,"2524","V","A","3",2617.86846816573,5.02422834664398,6.749539980607,6.61750226935245,6.43442158397927,-0.0708442400836146
10,"2524","V","A","3",2438.82455822527,5.06029909207851,6.88412428106562,6.75021390227074,6.58762858764029,NA
1,"2524","V","AT","1",3766.67081765623,4.41646836078604,5.78113675379628,6.05034421981941,5.93100859082806,-0.0545085813153376
2,"2524","V","AT","1",3566.85037244689,4.49751294486881,6.55999698978632,6.20266746983627,6.09677807407676,-0.0471939104233899
3,"2524","V","AT","1",3402.42715937918,4.56300293141831,6.65456582656691,6.19277715004957,6.06446798116493,-0.11270197881917
4,"2524","V","AT","1",3039.78584898601,4.60077885446184,6.69970325204062,6.26016646326838,6.20202992397284,-0.100211964737476
5,"2524","V","AT","1",2749.92902921378,4.55665614121895,6.73979193904066,6.34957956394915,6.31088695220029,-0.147265312191327
6,"2524","V","AT","1",2373.36740239749,4.43771675885326,6.63986525806514,6.37297337843914,6.35174683922469,-0.13919247787703
7,"2524","V","AT","1",2064.97333545797,4.48199780688214,6.64342722030141,6.43063264617968,6.51104531240224,-0.0743754431166881
8,"2524","V","AT","1",1916.96243970185,4.40247762787003,6.52486855036832,6.38563795117743,6.42861532277622,NA
9,"2524","V","AT","1",1487.65797868586,4.34606033869883,6.50321529010539,6.34904224366656,6.36248058622534,-0.105877255654492
10,"2524","V","AT","1",1338.20050040108,4.41255065672597,6.54917242239919,6.44297328964226,6.49448640416056,NA
1,"2524","V","AT","2",3736.81332929739,4.40497576361672,5.78354644880974,6.05137534702525,5.91169307142655,-0.0604666660999241
2,"2524","V","AT","2",3517.55635477036,4.54175578988691,6.56824192975455,6.25578324495157,6.11866708096665,-0.0162690678754123
3,"2524","V","AT","2",3460.79199532655,4.50050132338734,6.64028244491589,6.18875171215917,6.0416147889549,-0.072534689426852
4,"2524","V","AT","2",3218.65243602444,4.56386399715051,6.68601731208616,6.27459373091259,6.15642003545672,-0.0890337752595014
5,"2524","V","AT","2",2944.47048203747,4.51741016739445,6.73301659213812,6.332624668081,6.29534345619148,-0.0959146251130023
6,"2524","V","AT","2",2675.17386222448,4.42939884428885,6.67981312575878,6.38121977016038,6.37548133438709,-0.112009166110745
7,"2524","V","AT","2",2391.70190663183,4.47427964847236,6.67814499897372,6.42683447554015,6.49079943363556,NA
8,"2524","V","AT","2",1979.80542267939,4.32070419596653,6.56349762980128,6.39766241986114,6.43410942699244,-0.0687999092381573
9,"2524","V","AT","2",1848.17498809697,4.35873974260242,6.51026361261519,6.39228258553136,6.40907217533652,-0.112589231437613
10,"2524","V","AT","2",1651.37690504596,4.32740065424451,6.53983682889794,6.39799278861859,6.47844051683783,NA
1,"2524","V","AT","3",3698.97543623312,4.36684332075326,5.87743296338164,6.05287455799787,5.88456148919852,NA
2,"2524","V","AT","3",3959.86440329861,4.47313973081224,6.38923520559947,6.18297250548709,6.11080623566174,-0.160863073775432
3,"2524","V","AT","3",3371.4627792532,4.53967244072059,6.72458046084827,6.25351399235504,6.10098477221027,-0.0900250810425259
4,"2524","V","AT","3",3081.20769307039,4.56207643000552,6.70977685846787,6.309872998083,6.21512515497358,-0.043130318371998
5,"2524","V","AT","3",2951.13933162054,4.50681569145753,6.73645949808257,6.33564080480738,6.27285831599287,-0.0969942740772976
6,"2524","V","AT","3",2678.33956126975,4.52062007820393,6.7271176204826,6.43223675759602,6.4431908185155,-0.0945928676438258
7,"2524","V","AT","3",2436.60132365802,4.54161465752595,6.7234578998072,6.47109350974929,6.54696753606034,-0.111247708031056
8,"2524","V","AT","3",2180.068852781,4.49391754052481,6.67177126723593,6.47784412472057,6.50699246247453,-0.0197324431063632
9,"2524","V","AT","3",2137.47241619276,4.4235927534534,6.60672781936569,6.44006965408534,6.44568031641014,NA
10,"2524","V","AT","3",1773.18040135799,4.41524609616063,6.6182212034668,6.46469379303404,6.55971179792389,NA
1,"2524","V","C","1",3783.87178474825,4.84369064701928,5.99649385503991,6.10978491192772,5.84526027800545,0.802109921808
2,"2524","V","C","1",8438.94827520302,4.34874634432949,6.01506591043974,6.04754138330096,5.71089006373757,0.176940734515611
3,"2524","V","C","1",10072.3940915697,4.18456311897678,5.99227094702958,5.96463801426124,5.62437556988627,0.329526961711234
4,"2524","V","C","1",14003.7532801888,4.3006455032952,5.89302920481495,5.94229409960729,5.67098590741307,0.22838059819356
5,"2524","V","C","1",17596.6049579637,4.53075152923141,5.82016423292327,5.93583099001594,5.6370619511918,-0.105874072541254
6,"2524","V","C","1",15828.813378392,4.79347249630843,5.57785804751364,5.94329679976775,5.63241519922835,-0.0514868732780942
7,"2524","V","C","1",15034.4620732746,4.88911599494995,5.69604105755277,6.0943262916776,5.80177400992551,0.0486828163880425
8,"2524","V","C","1",15784.4906559361,4.96764992674192,5.91051394999299,5.96477396874667,5.77298345086781,-0.12006048289449
9,"2524","V","C","1",13998.7406359624,5.00809100414145,6.04060944263963,5.85621212734573,5.7292359149319,-0.19994300501313
10,"2524","V","C","1",11461.8527125536,5.04382150183288,6.14969443533551,5.88397005837948,5.95245525137109,NA
1,"2524","V","C","2",3488.43338169048,4.85160720255743,5.94000894185176,6.07839021665539,5.86018972788482,0.777801809698695
2,"2524","V","C","2",7593.21099063902,4.36595305985687,6.02488358258681,6.12739233310246,5.71529209080803,0.330746859335743
3,"2524","V","C","2",10569.8056915584,4.21165469726413,6.06124481369842,6.01970915421761,5.67927278321365,0.308105222669111
4,"2524","V","C","2",14383.8584857342,4.30582267191661,5.79815365353502,5.86706225344402,5.5705485716383,0.0792247788346456
5,"2524","V","C","2",15569.7731834752,4.58346819763944,5.71387971056018,5.92213837074527,5.59821188698485,0.0446326867876234
6,"2524","V","C","2",16280.4354049427,4.79241211885035,5.5505798200681,5.91561883368206,5.61021250537537,-0.0243054834067417
7,"2524","V","C","2",15889.5017138867,4.77468264045882,5.54446534396292,5.95475847475432,5.66518474027917,-0.115197647623435
8,"2524","V","C","2",14160.5647927239,4.92923464201321,5.78987844190865,5.90729383076324,5.70360160263899,-0.00528287547391938
9,"2524","V","C","2",14085.9535467699,4.9945465887415,6.03967057278101,5.85623089986286,5.72808867980694,-0.1650218481851
10,"2524","V","C","2",11943.1303898071,5.05392929789745,6.23684091875249,5.90654309708833,6.00798595557278,NA
1,"2524","V","C","3",3651.54955291534,4.86484485167962,5.91733265368195,6.08409599424441,5.86075157985027,0.623234481570157
2,"2524","V","C","3",6809.95896278395,4.41174312751308,5.86578924535042,6.09432845735371,5.72136369641758,0.370934202187926
3,"2524","V","C","3",9868.22793015534,4.25191915657494,5.97409522179719,6.02959153219894,5.66747016539941,0.299275862905823
4,"2524","V","C","3",13311.0718549582,4.2939098760709,5.77506504030759,5.86655319758095,5.60487187112935,0.21405675875833
5,"2524","V","C","3",16488.3309897701,4.48049724524713,5.65066788034723,5.95468205805646,5.65853430130097,-0.00110311136506734
6,"2524","V","C","3",16470.1525527279,4.7353036634599,5.56170379034215,6.01091104792587,5.7033753309645,-0.0197407586853953
7,"2524","V","C","3",16148.2074212823,4.77671788099456,5.61194841044054,6.08978265785455,5.79653589637395,-0.147742878935833
8,"2524","V","C","3",13930.2978432224,4.98711104246977,5.93273565597894,6.02874881794371,5.83062063678836,-0.100663775035748
9,"2524","V","C","3",12596.2908539614,5.04372916621312,6.04655111894658,5.9545597541348,5.8145543626157,-0.233721214538302
10,"2524","V","C","3",9971.00298696731,5.06546593032401,6.28421412726423,6.01852043017379,6.09937457526332,NA
1,"2524","V","T","1",4820.11560844029,4.51120373035443,6.0636617437511,6.12531864414602,5.82487318836977,NA
2,"2524","V","T","1",12558.2231063854,4.19965332220009,6.1045758836012,6.03547028275847,5.74886178944337,0.450417649351576
3,"2524","V","T","1",19703.4417373077,3.97955754491608,5.81350860790869,5.83575903499021,5.47852032348118,0.145497840048045
4,"2524","V","T","1",22789.3009218288,4.48181801927703,5.74097920330846,5.94191664764012,5.68450330087803,0.104892534903845
5,"2524","V","T","1",25309.5982918979,4.57357736291781,5.72844387599028,5.83030806722862,5.54904808529088,0.10020406872006
6,"2524","V","T","1",27977.1406571664,4.84912062163801,5.88197950531105,5.86600848853521,5.59970164947035,-0.191545553490708
7,"2524","V","T","1",23100.2217752806,4.92549712423898,6.0832098426263,5.873173858783,5.77046705901257,-0.0829126426957726
8,"2524","V","T","1",21262.1729369019,5.07082561731042,6.04754353052058,5.72023113533984,5.89288679926957,-0.0402774357413897
9,"2524","V","T","1",20422.8044092728,5.08689914173679,6.03010190796475,5.58297007121645,5.81741557748541,-0.112507335885114
10,"2524","V","T","1",18249.6299629625,5.07249814566551,5.96538082849239,5.60988333092292,6.00704153832072,NA
1,"2524","V","T","2",4623.65925263379,4.50404868622948,5.97203450898329,6.07399076014234,5.78796189552859,NA
2,"2524","V","T","2",13364.5782593497,4.16222637528404,6.00255717427973,5.91076221593561,5.71231849384818,0.37576447450093
3,"2524","V","T","2",19460.2177825905,3.96178581832529,5.80343569255137,5.77676730548942,5.4614231468557,0.0907327446862627
4,"2524","V","T","2",21308.4778078781,4.37212726059252,5.69378081205641,5.87161531714725,5.61130720736033,0.117574146964854
5,"2524","V","T","2",23967.0305692764,4.71419086228993,5.72366822419194,5.87309782666675,5.61478522403092,-0.0513095048660984
6,"2524","V","T","2",22768.309952621,4.95512245674974,5.9965277159297,5.84328540765492,5.66878219851208,-0.0107233374657543
7,"2524","V","T","2",22525.4620784128,5.02184956447751,6.21515060143143,5.78926998406064,5.9103802366584,-0.126388058856871
8,"2524","V","T","2",19851.0769178921,5.1161258493671,5.98212538936363,5.62067427738326,5.92229040433432,0.0706618744249994
9,"2524","V","T","2",21304.5386649319,5.11604685777599,5.928182309403,5.50839707544706,5.83367275786631,-0.01101476554085
10,"2524","V","T","2",21071.1618217205,5.12553736381461,5.77625023516185,5.455903298706,5.93567520810458,NA
1,"2524","V","T","3",4848.91489191365,4.53649979015517,6.01063913845462,6.14203838550084,5.82800910824635,NA
2,"2524","V","T","3",12333.6412246404,4.16302310504411,5.87123480882692,5.8591542105612,5.68926945987501,0.33551960994354
3,"2524","V","T","3",17250.6564490052,4.02553103499942,5.84075765887896,5.80730339023802,5.57355544699563,0.113319300878585
4,"2524","V","T","3",19320.5539096799,4.45156863199926,5.75183730790045,6.01233044359009,5.77210685558024,0.372925237321721
5,"2524","V","T","3",28052.9763750912,4.44305499986834,5.77989960394421,5.80527071842295,5.59662409149785,-0.0505848074658142
6,"2524","V","T","3",26669.2156550657,4.78182402812367,5.70934996407589,5.81025519014216,5.60903920932692,-0.0296926034621226
7,"2524","V","T","3",25888.9781749271,4.82204738554527,5.9150401207636,5.85895999984921,5.73260729802105,-0.17924229459843
8,"2524","V","T","3",21640.683325464,5.01538646228783,6.07449798373615,5.74035375136549,5.92211940130005,0.124333756403752
9,"2524","V","T","3",24505.7745781486,5.04415777004126,6.07629106131467,5.63073843002319,5.84488495335434,-0.246619720150609
10,"2524","V","T","3",19149.7386247458,5.00933496881588,5.98865256697086,5.6520580247118,6.01879791731905,NA
