"date.time","strain","treat","date","population.mean","FSC.HLin.mean","SSC.HLin.mean","GRN.B.HLin.mean","YEL.B.HLin.mean","RED.B.HLin.mean","NIR.B.HLin.mean","RED.R.HLin.mean","NIR.R.HLin.mean","population.sd","FSC.HLin.sd","SSC.HLin.sd","GRN.B.HLin.sd","YEL.B.HLin.sd","RED.B.HLin.sd","NIR.B.HLin.sd","RED.R.HLin.sd","NIR.R.HLin.sd"
2022-06-18 13:11:05,"2375","A",2022-06-18,2214.85543659151,3.61717779330941,5.44926538594795,2.82497831942479,5.30092020968849,5.67389732197551,4.59282292781198,5.24323524658652,3.80434068557922,96.8001016405846,0.551266071939595,0.65878075798971,0.484072392283716,0.67409672149873,0.449711885408592,0.418055492343492,0.415796711366679,0.412620067953234
2022-06-19 16:25:27,"2375","A",2022-06-19,2540.27897977196,3.67600361654774,5.45789720700522,2.90836842725574,5.6860545451369,6.12181413772894,5.02390477926614,5.54061487946265,4.09406237775655,228.534121789648,0.51073873756295,0.651993556022446,0.450708670281495,0.587486538556408,0.441743296236499,0.407898587242098,0.401983769859736,0.39470628544046
2022-06-20 11:33:43,"2375","A",2022-06-20,2309.09464006755,3.73943693209723,5.52115826528084,2.89488277995609,5.61890451209194,6.19084696343102,5.08961809029434,5.58884324080448,4.1167560383148,177.490033425078,0.505173510572454,0.609650888701103,0.443314138534243,0.535873018874825,0.399629837149459,0.409476610232426,0.402482551325983,0.395736313206721
2022-06-21 11:42:37,"2375","A",2022-06-21,2349.99568079352,3.92869264156035,5.66375576507648,2.9522232455679,6.04970070803422,6.41321649993657,5.31083222241631,5.74330349002766,4.23072219447791,90.3127839498929,0.481680906216558,0.60845219807926,0.405500126378818,0.530541024286873,0.409858337711038,0.413855637855527,0.382410539289557,0.383980924353335
2022-06-22 11:37:53,"2375","A",2022-06-22,2346.29954243837,4.04565088357592,5.69391280880238,2.99751423780629,6.2899209365455,6.50521569082669,5.40134850971465,5.7826700699353,4.27282654944422,74.5988296540996,0.499640218451975,0.609184433242206,0.393531687877992,0.5875802735906,0.488571847496197,0.451103688975663,0.393835511181426,0.402759578388583
2022-06-23 12:35:58,"2375","A",2022-06-23,2686.07010437962,3.98770932755228,5.68564122038372,2.96122570836948,6.29420743400768,6.42382017279581,5.31556630336632,5.68989257699352,4.18759524894973,103.958233358489,0.478753881516355,0.591487912071354,0.421177004336844,0.524010443843341,0.448216840510509,0.417110160483058,0.390075899614204,0.394089664860936
2022-06-24 12:30:51,"2375","A",2022-06-24,5924.34896004022,3.99031028364715,5.26983889303929,2.90314269335811,6.54697961090645,6.47167410411236,5.3634801718358,5.75378914021734,4.23663294346015,616.269612204301,0.433464127080024,0.641449761033683,0.383153251510046,0.387087139885717,0.276607944448595,0.293606212679538,0.305501595234734,0.315205029672491
2022-06-25 14:47:15,"2375","A",2022-06-25,6836.17565391388,4.17365620264259,5.3869946477202,2.97065598033608,6.56595964139196,6.5619412182228,5.44635067771768,5.78095586060416,4.28752042992406,637.378627025349,0.405541808716476,0.671535673293797,0.383193962530691,0.543015209822005,0.320933754337883,0.313820892215309,0.305860039507777,0.323435466174699
2022-06-26 11:27:03,"2375","A",2022-06-26,8296.17590039583,4.05286007502228,5.3053093431717,2.90339100090615,6.39856438548873,6.45426226511605,5.34321460179803,5.65941778676214,4.15284548883243,2095.37646976352,0.504953223806852,0.638663812181859,0.397360145271428,0.493161340513971,0.326088139683192,0.335982259905892,0.317489858064618,0.327812135877251
2022-06-27 12:28:17,"2375","A",2022-06-27,8345.98845529557,4.11130125792042,5.37936067937025,2.95080843439171,6.52751966986829,6.52894498722385,5.42226027501926,5.74174416166887,4.25042293092081,2480.25251388481,0.53222959366259,0.662063760785773,0.383991355967304,0.476443662880225,0.303793252406669,0.318776972439841,0.321718661546604,0.328180991954573
2022-06-18 13:27:59,"2375","AT",2022-06-18,2346.25238682011,3.54144600654866,5.42829500046578,2.84057343613451,5.25609188344743,5.67683328637132,4.5969612222892,5.25266011097768,3.799021519197,95.1804911549913,0.525524280696913,0.634799075255968,0.458060906542791,0.591629759996377,0.415601268614517,0.418736677660382,0.397249066905452,0.412448282439455
2022-06-19 16:41:39,"2375","AT",2022-06-19,2606.81832813605,3.71919392208703,5.59579151142296,2.92248542866767,5.94066865326123,6.39736940218738,5.28759942229707,5.58242257332327,4.1321614983663,74.11733750413,0.483918049021608,0.656124385972438,0.423679034376881,0.515323769108884,0.436100686375755,0.400382940401917,0.376964690622403,0.382684256407914
2022-06-20 11:41:55,"2375","AT",2022-06-20,2335.348515513,3.85502179532765,5.61249604374967,2.94551023129028,6.16753240204591,6.52163628046525,5.42204100782062,5.7089307765591,4.19828262223917,100.13126533974,0.468854948010363,0.626075039825468,0.441543181556268,0.614763266252068,0.456398409389548,0.451593883709241,0.377544977287743,0.385545029913527
2022-06-21 11:58:24,"2375","AT",2022-06-21,2529.51491685397,4.00025162043754,5.6835501086443,3.0350105630887,6.57245944789722,6.6126774276517,5.51711017088946,5.76715426321153,4.25800148665049,89.9634422641499,0.504638282048183,0.588477193771454,0.404884068986671,0.606257742236954,0.504116159438656,0.466435142906506,0.416502734368168,0.419328726113397
2022-06-22 12:28:58,"2375","AT",2022-06-22,6379.20705836278,3.83040657784655,5.24008722465891,2.928508469169,6.47852791455126,6.62245427400955,5.52992545730709,5.75865567397577,4.25967374156794,357.920614853987,0.4429287193821,0.653078641329516,0.389549020992501,0.488738601143035,0.352528325919557,0.362839917458685,0.346770458531245,0.353664734865269
2022-06-23 13:09:13,"2375","AT",2022-06-23,7146.39807231439,3.94519392030169,5.27089029052574,2.93211185040076,6.55601731237542,6.58647356382827,5.48604297026923,5.71768444614616,4.22082524700448,747.299145797656,0.449109659605276,0.622839238383443,0.390493401369767,0.533345499843781,0.350018561649258,0.356012063560051,0.336420709118203,0.350147084206982
2022-06-24 12:40:20,"2375","AT",2022-06-24,6122.62428543827,4.10178197400436,5.36246873250928,2.96434330848651,6.70040523200829,6.68711231347846,5.60502276233332,5.87880676472533,4.41527038442865,910.725164278765,0.463677687081413,0.588759492756676,0.371113970251272,0.503974300318158,0.366898514346902,0.368199002161433,0.350028620415532,0.369345786309886
2022-06-25 14:56:41,"2375","AT",2022-06-25,6436.79295880633,4.25599907284403,5.39837926777353,2.97112472580444,6.65271772237242,6.67268608942579,5.591585753311,5.89597080219147,4.41183751801803,963.791631383829,0.459680970648394,0.580373612683718,0.381006195050857,0.542705453395319,0.364284966738798,0.371589329914457,0.352818342649941,0.365832302345248
2022-06-26 11:37:11,"2375","AT",2022-06-26,6791.80051528106,4.35065995924207,5.47956647356181,2.98433363555967,6.63057085782162,6.62283921069086,5.5403680744473,5.85019829447177,4.34875349319928,829.156410939503,0.469282848443502,0.587295578199359,0.383903843815545,0.566999164308989,0.406611758095211,0.387773987412438,0.363433617064192,0.391690533027033
2022-06-27 12:38:47,"2375","AT",2022-06-27,5253.46643069019,4.4178611772432,5.52209253322724,3.0487690530017,6.82614663617404,6.84511759123562,5.77010022589046,6.15468980154173,4.67036160647761,479.025748717901,0.474254755052499,0.575698252356518,0.346277342340889,0.52002274163786,0.380157431520168,0.374263583954412,0.383936785044281,0.388025061997019
2022-06-18 13:02:54,"2375","C",2022-06-18,2627.04765441294,3.79709968401994,5.38049086218952,2.87145191211178,5.66233832162808,5.85750597340916,4.76030698131759,5.18607913327835,3.79189630200609,37.5517279428378,0.585550006654054,0.693808912427736,0.515124167405877,0.719813909838166,0.452949523176454,0.435113827942304,0.415139139128509,0.415292370271033
2022-06-19 17:10:26,"2375","C",2022-06-19,8668.95178372222,3.63682978332584,5.25089347491365,2.80214455038618,5.98783058827438,6.099355975323,4.9788691915066,5.196383473165,3.83128809954663,499.617910796616,0.423663781915438,0.712924634029504,0.472509319093078,0.6529295920734,0.343637513592871,0.352204858850115,0.320075694024872,0.341206977948011
2022-06-20 12:09:47,"2375","C",2022-06-20,12069.8182205844,3.45398909284506,5.16720405162709,2.74275478640535,5.89565777935836,5.90977704259362,4.80928450793014,5.02397683762919,3.68276675238616,516.653705130707,0.410003024379801,0.593854641515815,0.500095540933492,0.575398402615958,0.308095948895333,0.333356065739038,0.320237513126034,0.339770732127994
2022-06-21 12:16:19,"2375","C",2022-06-21,16782.4033624182,3.56565741218273,5.26908177632914,2.73878960261019,5.841502288744,5.73860292504124,4.61980453787302,4.95751968019162,3.57674586576943,407.322755132675,0.396817284119016,0.60436210440226,0.477000111056058,0.65446679640223,0.265174796421986,0.31232800755355,0.311033179533555,0.345011928856514
2022-06-22 12:12:22,"2375","C",2022-06-22,21679.0015001222,3.63773186963547,5.26704239193859,2.69935375960961,5.7230091389194,5.64339279705058,4.53420362671759,4.93808281953652,3.56457456018104,1154.39379294618,0.43832926854705,0.596053009037793,0.516518849440867,0.67319501630295,0.30531216977891,0.345564572830251,0.325835132488365,0.351057012580851
2022-06-23 12:57:24,"2375","C",2022-06-23,22262.5860345591,3.80675616299779,5.28719354761073,2.73246254022737,5.62327695839692,5.59470815986353,4.48676392669961,4.95333018626272,3.57326919236296,389.465872918825,0.435367049754805,0.600713125872079,0.493001315584732,0.636182834907671,0.300498681306742,0.343066928438095,0.326798321720359,0.355901827045633
2022-06-24 12:25:22,"2375","C",2022-06-24,22933.3835304494,3.83463176345467,5.37679947386111,2.73792909550011,5.58199487161592,5.66688347277337,4.57052182714294,5.07300102363404,3.68495083415419,2326.50909524738,0.484705657142636,0.628161736171111,0.511662357227316,0.693776902374416,0.34785557013238,0.388570425755522,0.364970182487355,0.39393660240336
2022-06-25 14:41:49,"2375","C",2022-06-25,21747.9913296979,4.03018569678379,5.24251405665725,2.78282881913392,5.55971878224125,5.65907904426558,4.5979172161001,5.15175372757993,3.74360464386062,1948.56968607904,0.495115250309179,0.531077500267365,0.45416060592143,0.613123327261623,0.382631299606205,0.396745379669184,0.378700417776451,0.396546896518125
2022-06-26 11:21:35,"2375","C",2022-06-26,21663.6975305145,4.22921229239153,5.34775859069909,2.74282286485728,5.43112139751558,5.51820454067537,4.43690826740536,5.03528912467246,3.62725162469082,2461.73857937776,0.477949198981567,0.533536167931354,0.517428311528712,0.708348591032528,0.346101396999853,0.383120415199004,0.357457396042301,0.37831184436074
2022-06-27 12:22:44,"2375","C",2022-06-27,20059.2981446113,4.24184966752895,5.37538591949106,2.79318365546087,5.48267151731352,5.50884653501068,4.44899010948102,5.21636187574016,3.82314131368339,1087.38337484421,0.484171773549074,0.533838799890544,0.479579368771101,0.709766718304972,0.388708675842748,0.41048352623963,0.406741662855812,0.431709447907557
2022-06-18 13:19:58,"2375","T",2022-06-18,3327.50312995763,3.63730477147969,5.3786751942237,2.84378171516639,5.75523803005029,6.00625156842826,4.87482176993447,5.15472785535272,3.79914445234622,119.037269276451,0.476724615888552,0.690814506709313,0.476381442590843,0.609053292567766,0.405241007246748,0.389361448002899,0.375586559458217,0.382762346993852
2022-06-19 17:25:44,"2375","T",2022-06-19,11565.1521675186,3.82047141141333,5.31683708871523,2.8264218540244,6.08355551081469,6.0495413641609,4.93390637612912,5.15583524890163,3.82421568055474,147.034369437925,0.39744891976815,0.640264246834114,0.486874912020068,0.602497832015597,0.343860745075051,0.345016516043611,0.311862935154659,0.340281695883897
2022-06-20 12:20:48,"2375","T",2022-06-20,18200.2250137805,3.40873105679789,5.14653398990631,2.68001209159257,5.79649946392956,5.67681091655784,4.56410256256156,4.86756260153335,3.52123363232283,1159.44935584293,0.425590877631734,0.536597422646634,0.549166200319132,0.52475340111922,0.290338289193316,0.34059442617086,0.339963268295906,0.362126675989144
2022-06-21 12:25:40,"2375","T",2022-06-21,25252.1666638696,3.39719413324585,5.18417669378224,2.67793909118401,5.59354673813905,5.628687245887,4.51955467459756,4.90683359200016,3.56572453388818,1998.83651187126,0.424929123731116,0.599898099496439,0.517239833156631,0.675433833056778,0.353206376542405,0.379942003599242,0.355569675577399,0.369059459818978
2022-06-22 12:20:58,"2375","T",2022-06-22,25311.4216531182,3.6848328448815,5.20007970207616,2.75414440465038,5.68996040766517,5.6038959006423,4.51041470804258,4.97080980962147,3.59760433072629,805.805766613826,0.43301446856324,0.568859142279701,0.477666197063868,0.627414862861257,0.356858544830901,0.374352487302358,0.336240409979685,0.368670064884038
2022-06-23 13:04:05,"2375","T",2022-06-23,25680.3061583865,3.90238461049561,5.24823141930102,2.76826854047993,5.65301727793726,5.63717814282852,4.5484278367086,5.05485868820095,3.65239964634277,2215.36304192057,0.438964694403496,0.582690218432849,0.519542653778752,0.626483966288318,0.336725800109138,0.368857391833198,0.346841799332291,0.372494560413241
2022-06-24 12:34:46,"2375","T",2022-06-24,22703.3628170162,3.98438274950267,5.35129365979445,2.78043663430464,5.5813244106801,5.71616607617927,4.63891645746339,5.20550179987107,3.80328165850024,442.581564535828,0.478925902770838,0.569281682649776,0.471024086121091,0.80119724723416,0.460980156445355,0.472276321933479,0.45485691747048,0.475033242876101
2022-06-25 14:51:04,"2375","T",2022-06-25,22305.7814951796,4.15798963801198,5.36966615794552,2.83032126380319,5.43027069341412,5.60984639941439,4.57688517338883,5.26404812849688,3.83560100621775,941.119286026665,0.510143008919784,0.566704481003125,0.447647634703463,0.76308405419167,0.498632400684956,0.485569678541951,0.4547240000622,0.477548899147435
2022-06-26 11:30:45,"2375","T",2022-06-26,21295.9731852606,4.25540024679476,5.39287939909893,2.83006596346557,5.39091971335603,5.46082235657322,4.41880961005967,5.15817312545711,3.73916533953925,1936.01802456396,0.512477577084008,0.529854955987493,0.482480047068432,0.865435279952561,0.487282752191458,0.471148678176544,0.461550501450912,0.475234473752617
2022-06-27 12:32:01,"2375","T",2022-06-27,19043.6160112599,4.23830213130138,5.43931489809508,2.83885141751851,5.39833492876012,5.47898769112738,4.44562021748017,5.30464582209009,3.89792502565715,1399.02987733247,0.530857761548493,0.543727719296581,0.43697737173383,0.86561227802693,0.516081083048804,0.481562963347438,0.458214898530513,0.477378903547228
2022-06-18 13:11:50,"2383","A",2022-06-18,1680.73382743847,3.19823852706985,5.52482332504505,2.81843785516042,2.07556555502475,3.76087921017797,3.07563236473978,6.34973853471934,4.54013575018296,24.0192513609059,0.576869723937259,0.685459387215329,0.413263780177738,0.380270651706378,0.369971213641511,0.423180126379988,0.37380153683411,0.381075962681447
2022-06-19 16:26:11,"2383","A",2022-06-19,1818.60407147143,3.20988365898311,5.51707604844011,2.86619475629223,2.17217926810693,4.16586292100574,3.31136205051351,6.73757874591397,4.91358389261968,88.7270890465664,0.522974092925496,0.666162201130774,0.368222147192511,0.586344739782915,0.441169163773823,0.474399195037534,0.389137974363981,0.386528449214832
2022-06-20 11:34:28,"2383","A",2022-06-20,1691.50878998732,3.29451234208617,5.53599963068639,2.8476962082512,2.1233305908679,4.21366252453347,3.33687461020178,6.83450628393065,5.00312163432439,71.3379423042516,0.578485390814511,0.631019794291041,0.376003372638045,0.36637968507595,0.388097121285569,0.433443121416605,0.382777180013177,0.387014407140911
2022-06-21 11:43:23,"2383","A",2022-06-21,1519.6249264839,3.44662476331534,5.60696249859797,2.86578611381465,2.1592585295358,4.3642486066639,3.45336057927758,6.99310729181258,5.1621696749892,55.5130667427157,0.598774988468538,0.644922536766058,0.392521949934151,0.37555965321786,0.466298544284363,0.42596301321178,0.419452978012635,0.431655642476451
2022-06-22 11:38:39,"2383","A",2022-06-22,1501.095061579,3.6426386027244,5.67425779761389,2.89266088423368,2.19481698896343,4.54288682195442,3.57046375347282,7.15223278705291,5.3250702973815,71.0238286807796,0.589153279332826,0.620733467959187,0.363550947916929,0.613791255972973,0.472018698074793,0.487841655260104,0.42608270735502,0.427823764948303
2022-06-23 12:36:43,"2383","A",2022-06-23,1489.81598764596,3.71309666336728,5.68612942028559,2.91613109211661,2.17417958852972,4.61184670916436,3.61856397484743,7.26564337582335,5.44654699768313,67.9150453504625,0.613440945356163,0.607279009038481,0.355783905610088,0.334289428851387,0.442599290789091,0.435711216649651,0.430367334844681,0.432396520396764
2022-06-24 12:02:51,"2383","A",2022-06-24,1540.93075861788,3.76253448756395,5.67832829150478,2.90532106706175,2.15199624349234,4.63389241554744,3.63898856731291,7.30069925686603,5.49068310355718,18.0901321718565,0.576629158896517,0.58403227959463,0.342670199232025,0.348763914997876,0.410522521271528,0.426360510094919,0.412126577093196,0.421983399927169
2022-06-25 14:25:08,"2383","A",2022-06-25,1655.30780883894,3.68180532582243,5.71531913721043,2.89970213508014,2.16697187488031,4.70655423884066,3.68251131946996,7.28954135927354,5.48050530375161,123.513654331745,0.666499801041888,0.584169161883341,0.365180298175625,0.334815055311204,0.491105722280803,0.470358795221337,0.487671916506949,0.496458396531642
2022-06-26 11:05:29,"2383","A",2022-06-26,1853.55678062327,3.55803113969436,5.68011222561392,2.90203451906329,2.18131445581018,4.58277094175802,3.59471214873395,7.1947913415574,5.37557401710854,119.586803355438,0.660973736316082,0.552467628775367,0.36414383570954,0.356999785894951,0.522504966700666,0.479399887906212,0.548729799600588,0.549215064005284
2022-06-27 11:43:54,"2383","A",2022-06-27,1893.35314456358,3.66461091536687,5.76535835978032,2.92429805575967,2.15086100566814,4.57743019600215,3.60995985403031,7.22996309737952,5.4140222537017,72.5085993708469,0.667216228494425,0.562368523634593,0.360035095545005,0.357355943526473,0.542417575822906,0.495881425389986,0.547653501135722,0.563299284513428
2022-06-18 13:28:43,"2383","AT",2022-06-18,1736.13713040828,3.12208899407233,5.46218385176165,2.80136970277355,2.10289254012861,3.81068977255884,3.10338758498617,6.41040342230197,4.60867347279881,94.7220978109453,0.55916685539508,0.643303346446467,0.387615529372597,0.446951369386021,0.381501443258156,0.456666445144611,0.365497122165959,0.374064807352286
2022-06-19 16:42:22,"2383","AT",2022-06-19,1923.2613402406,3.21684987501192,5.6192534330185,2.85317058740545,2.13845465707081,4.34676318083636,3.419314279777,6.88727245288613,5.06103734819154,27.2375864825528,0.551841943427822,0.672180548484655,0.39064705273348,0.371326540847611,0.414060649957595,0.426306636501216,0.390027033976574,0.391244315629346
2022-06-20 11:42:39,"2383","AT",2022-06-20,1713.04654376787,3.27413857411161,5.59825804452889,2.86885090902303,2.19229518222882,4.31577343127579,3.41078108045354,6.89703584876449,5.06594710128915,78.5620253062294,0.580136155909999,0.592523199940876,0.362891830779619,0.488203191052502,0.462822730934277,0.447872679514372,0.409721763898278,0.401334598260449
2022-06-21 11:59:08,"2383","AT",2022-06-21,1657.92974039571,3.48230015458626,5.59343796708502,2.90569808140304,2.16229644812342,4.47981646364537,3.52548380938832,7.13704013118863,5.32128384458685,179.769616137398,0.561646550673416,0.559083544616521,0.362916851726178,0.412822680787532,0.42878990732386,0.461257870091826,0.406875995230824,0.422376954500723
2022-06-22 11:46:50,"2383","AT",2022-06-22,1806.20481377245,3.37860121668271,5.65410066694837,2.88318779600888,2.15593877467935,4.50632889677157,3.52015424445796,7.13276533375875,5.31304489774011,203.334291994744,0.574708330214604,0.527192355155958,0.369248731632689,0.409940609315238,0.419241213803468,0.444930766815526,0.417449326147052,0.429802825184673
2022-06-23 12:43:37,"2383","AT",2022-06-23,1917.20105207348,3.33580291614854,5.68763908512777,2.87031173491054,2.158495457231,4.33859308946619,3.435082566943,7.00092309975414,5.18951469874211,205.549678532095,0.626867636320846,0.521294054916886,0.381593218128716,0.351420079405318,0.440647890754522,0.435952528277368,0.426020399055041,0.426119127905173
2022-06-24 12:30:52,"2383","AT",2022-06-24,4560.78730599751,2.9940812756972,5.36017941605405,2.77921019925181,2.08447804420596,4.05709507802258,3.24900946432672,6.80127402934272,4.99692617139548,2286.84198266797,0.599675521912321,0.587086826822483,0.356088982995452,0.359777192462303,0.363744760725772,0.422015493908857,0.354336938585399,0.375569286393862
2022-06-25 14:49:02,"2383","AT",2022-06-25,4822.44759664378,3.13363915396194,5.42694912566164,2.8046387069332,2.0819546620543,4.01942902510159,3.20689449978713,6.72217516167857,4.91477401496503,2533.05993359723,0.60181885480931,0.608884663728991,0.379692410920929,0.380610750554796,0.359353070565898,0.417981187902626,0.350133354795282,0.370642607180165
2022-06-26 11:38:28,"2383","AT",2022-06-26,5821.34670080156,2.97759866452189,5.23373106859594,2.76820878995438,2.10334640773034,3.91482579292662,3.13856313065601,6.63432121164195,4.82865581129404,117.259391787771,0.520968715560584,0.566702231524368,0.377657629537913,0.394320995988989,0.338437561717283,0.43315486469192,0.326312010400185,0.342227708304343
2022-06-27 12:40:05,"2383","AT",2022-06-27,5773.207678008,2.9294994097296,5.27794115112454,2.75771454532988,2.07073899149877,3.85005688624773,3.11852541356818,6.55358047150829,4.76670195585766,546.518835392436,0.528652165680763,0.578313558542509,0.357045638236719,0.372942261292265,0.321850249526846,0.406852478131346,0.324934845475578,0.33856316254066
2022-06-18 13:03:38,"2383","C",2022-06-18,1756.47418667951,3.20521931071409,5.42986793073585,2.83052447423941,2.11358007261398,4.15304682057062,3.30029499677863,6.84105140628514,5.01755543650626,31.659731720317,0.551581128759057,0.694484836208536,0.377051964286062,0.354772473883621,0.384225906044718,0.426185771195241,0.405782919432565,0.409096835052114
2022-06-19 17:11:45,"2383","C",2022-06-19,7627.94456824773,3.14597514801409,5.0485144506509,2.82145913307579,2.1192178305753,4.63671911467314,3.62029683437681,7.34895241350753,5.55516513750704,411.549282919737,0.550678393230694,0.592297254339313,0.346209780121421,0.34030906242906,0.410627918665884,0.419208155722707,0.397625171939778,0.405530457496389
2022-06-20 12:10:43,"2383","C",2022-06-20,12203.1620107374,2.84949105067187,4.97058455019488,2.78498574803507,2.12836869942818,4.26614146258956,3.38582766153445,7.08271058599059,5.28487677771217,598.408794636309,0.486957337745072,0.542212964192429,0.349272773429017,0.337702942701897,0.358938033456954,0.39687046981935,0.335245895985385,0.345101745234355
2022-06-21 12:17:05,"2383","C",2022-06-21,20776.25500174,2.95735888763431,5.05460515143387,2.76461074513149,2.10987230057854,4.37135924951014,3.44363596967136,7.10815692945306,5.3053083983788,875.226437658658,0.521126673277856,0.552792751196967,0.354864700643384,0.360681398754089,0.357865386395193,0.407696045790804,0.35213900683491,0.359387524826738
2022-06-22 13:30:34,"2383","C",2022-06-22,43127.9583540993,2.7844400908374,4.9533882336479,2.78500811958409,2.11925448013727,4.32336583925005,3.4286599775487,7.20711830293041,5.43282722671585,4187.26750168802,0.534295611824178,0.588941255388195,0.341809127342421,0.33289526295652,0.408830456335958,0.426531110474923,0.391893148081669,0.420993907424446
2022-06-23 14:05:44,"2383","C",2022-06-23,66724.1342751813,2.76993049555014,4.96867993164165,2.76440925398664,2.08569122980262,4.11034531908914,3.28208655050266,7.06530841728243,5.28398553108735,2392.9395650805,0.461801835840038,0.612803867414072,0.338496237351562,0.344106411005083,0.377381183588328,0.425142455489671,0.344673836404671,0.367263733724962
2022-06-24 12:51:03,"2383","C",2022-06-24,83702.860141472,2.54854877704882,4.90471020788334,2.71293819065919,2.08546269347953,3.83663454104319,3.13954252265489,6.85360230586608,5.08351918565105,4013.77611507738,0.505624668101234,0.618327548881796,0.355306807728234,0.337232218232017,0.405999683176817,0.434054349280692,0.394764277264433,0.424223755468139
2022-06-25 15:07:28,"2383","C",2022-06-25,76754.5236739184,2.65031738227064,4.91413014296329,2.73596109491406,2.08223233019312,3.71970538240491,3.11705560084545,6.7756066830953,5.00951922503385,4077.11253378539,0.498148689351949,0.648459999160156,0.347758555925897,0.338364667728539,0.389886243600462,0.429881362361271,0.39866397149804,0.414850917272481
2022-06-26 11:49:26,"2383","C",2022-06-26,90163.5321365565,2.63310738191525,4.87266013039562,2.74144770525548,2.0924660016908,3.6670446158625,3.08516953812271,6.68037664706708,4.89846658987959,2790.21723952941,0.555895214250209,0.684780190958194,0.377613555690912,0.365165723356672,0.434205283465581,0.42941163275336,0.433022826351057,0.46364650344473
2022-06-27 12:53:23,"2383","C",2022-06-27,123373.705050873,2.5639244203545,4.86548868710282,2.71605983595044,2.07045808021928,3.57460920462188,3.01904873645144,6.57129605084167,4.807327652543,27608.1817866968,0.548141522624465,0.696640864290461,0.366346517573715,0.351772973091127,0.403469602871727,0.441600495847936,0.426610402916925,0.44652727469388
2022-06-18 13:20:40,"2383","T",2022-06-18,2410.2764080903,2.92663839562769,5.35115922504536,2.81136614722194,2.17252136429614,4.10985067340194,3.29998380937913,6.77120742836937,4.94910891044035,197.838022114186,0.49957482166774,0.629404313266614,0.386471750996576,0.571028491066251,0.44502123338076,0.441330992744936,0.416779616340227,0.399881707780761
2022-06-19 17:26:58,"2383","T",2022-06-19,8643.23627888543,3.22298567096452,5.08935681470539,2.820456890929,2.13481558271126,4.51582631381998,3.57151173577957,7.2263660644859,5.43356585514005,791.656120925243,0.599513450331141,0.607860113795336,0.350428572921242,0.348139666897851,0.448215347798009,0.436998938425257,0.428553224383604,0.430526991487783
2022-06-20 12:21:41,"2383","T",2022-06-20,14486.9278308067,2.98965666240814,4.94856784143053,2.77398631607301,2.09945967317308,4.24008344679972,3.35419326581334,7.0158394354613,5.20723429374677,1079.49082293738,0.568710446678708,0.589808457977979,0.360639777256918,0.344875214917279,0.394600954700685,0.414803107617195,0.382633886879395,0.393295757437911
2022-06-21 12:26:23,"2383","T",2022-06-21,29951.2760062233,2.75245861623172,4.9453276674935,2.77532166967679,2.09755739905526,4.29986469177718,3.38818730338236,7.01742726679598,5.20968694697605,802.953896678387,0.516987501896741,0.574581009673119,0.368882480667273,0.389904580350686,0.367858546747092,0.411015172650454,0.353362880603128,0.358130111707792
2022-06-22 13:35:38,"2383","T",2022-06-22,65819.1437023169,2.83469834934342,4.99928223142809,2.76507223353334,2.0865223460772,4.13661865500716,3.30696687765063,6.98103001424067,5.19691913836711,5698.43535263628,0.510513256268174,0.612550325638818,0.342029354446733,0.345941844189972,0.375545761528616,0.407966348230689,0.368127033832157,0.375343685120493
2022-06-23 14:13:28,"2383","T",2022-06-23,94952.8363351878,2.76808196411161,4.95823076814704,2.7057164086524,2.05886549289115,3.83691948768456,3.10834380961069,6.77423103975738,4.97508065963117,11129.0821023318,0.462472787705726,0.582921131822127,0.390558066180845,0.351980960989309,0.359266511317126,0.422797869053678,0.344690046060711,0.365701519765865
2022-06-24 12:57:48,"2383","T",2022-06-24,134335.945079968,2.48347233775899,4.91591589411049,2.6956488828553,2.04072088565539,3.62277292088152,3.00068621452823,6.56590367955023,4.78783794167616,8547.26641354916,0.471439297951902,0.59680901197028,0.368606274981698,0.363545858605705,0.363414181250691,0.425835210939956,0.366635937434372,0.383054533971896
2022-06-25 15:14:13,"2383","T",2022-06-25,131698.306092165,2.70194620647368,4.98061213762994,2.71558864154696,2.04678992597938,3.44727153130463,2.94612952258749,6.43297356646553,4.65759768423797,10497.2303868458,0.468054992284404,0.614940954487172,0.370544462460697,0.369431551968873,0.347614200161074,0.435927591711513,0.348664767940576,0.364391190100318
2022-06-26 11:56:29,"2383","T",2022-06-26,143229.701971064,2.64038832111353,4.97277523380922,2.70468763690809,2.04172674131496,3.38920527709652,2.91259491049748,6.28738365768082,4.50171230418416,9235.0761231706,0.484045351991405,0.637309897995465,0.398986963629045,0.396375962438825,0.341981302237059,0.422100472988657,0.34087667658656,0.370885599732808
2022-06-27 13:01:11,"2383","T",2022-06-27,138159.136018632,2.69223397310194,4.90852470618405,2.68868713312225,2.02942097338605,3.32781455160276,2.87192641619134,6.20587908252733,4.43757464548224,5768.17561785201,0.523311580275331,0.652957639042265,0.406032116246686,0.373841570357495,0.357334926498581,0.444679319646276,0.357943349769456,0.381630360038321
2022-06-18 13:12:29,"2434","A",2022-06-18,2164.50072891292,3.22404158842105,5.65362312023456,2.76491933837304,2.03296752919142,3.88294691379254,3.06325817311727,5.81127928513747,4.07219867662283,60.7363158459483,0.664133149999637,0.701075241361703,0.428439319933528,0.485552725220934,0.329335091971466,0.458864228334986,0.380524323348329,0.383920283030901
2022-06-19 16:26:50,"2434","A",2022-06-19,2274.91078836023,3.11368898021929,5.64711167936259,2.83147166744948,2.09714185793137,4.07554530037442,3.21968397134233,6.26095797139253,4.46597205510196,59.9945173311834,0.52634116297317,0.686548463298625,0.400866069641647,0.412794657492584,0.340758388750566,0.415139386277181,0.405315730892837,0.403704877933713
2022-06-20 11:35:06,"2434","A",2022-06-20,2087.09730255612,3.21137798213428,5.69389703596731,2.82670022288998,2.12325866687128,4.13651271942127,3.24931606416842,6.38181779283293,4.56578882210758,59.4637049311417,0.525250405912559,0.672966490383127,0.398315394313316,0.392576148051102,0.362091921675851,0.417328229083305,0.417572674275962,0.411507508438172
2022-06-21 11:44:02,"2434","A",2022-06-21,1965.32632595087,3.28044074471267,5.75352400775842,2.85101878004126,2.12292489278784,4.23377486226355,3.32567321194723,6.53727234817101,4.71780857269929,126.720700335436,0.518424077111942,0.642487634801142,0.366760100532898,0.376760173747814,0.352994946373364,0.413206323848991,0.404540584688607,0.403172402477068
2022-06-22 11:39:19,"2434","A",2022-06-22,1881.0702926769,3.34484964063052,5.82069408825853,2.83900343194943,2.13734173431823,4.37670386265117,3.39613380537114,6.62969687868926,4.81360176916827,150.76938902404,0.524005005854425,0.64360949985534,0.388106539462424,0.36931979514894,0.361847671793213,0.422885675140712,0.425332666307983,0.4212365433954
2022-06-23 12:37:22,"2434","A",2022-06-23,1975.03614360752,3.38056785779742,5.87240402475052,2.85731220182354,2.13542065496929,4.46054982046916,3.44256760529685,6.64227156037592,4.85330153687728,239.329612210691,0.522100520525995,0.622848558629397,0.373142144624888,0.371638329401646,0.375134890253534,0.425849157304459,0.487987733981959,0.474319702263632
2022-06-24 12:03:30,"2434","A",2022-06-24,1937.87924980899,3.40945435576405,5.87967707975536,2.84845178347107,2.12398414576215,4.50677611887032,3.47186325331952,6.63831120788628,4.8617194831794,119.494710282286,0.526060048866068,0.65278030209024,0.391610094464265,0.390719674706497,0.394792415502646,0.431662459333478,0.544734279685464,0.528244250567526
2022-06-25 14:25:57,"2434","A",2022-06-25,1935.88130449162,3.50934851500026,5.9542433302026,2.83876830374136,2.13823566681983,4.67884900344046,3.60487062671728,6.78395159838492,5.02221617832518,90.133178433203,0.51922032994839,0.628763758882604,0.405024755888856,0.361038960764988,0.438406439486289,0.462687764687793,0.710674598350384,0.665052478790739
2022-06-26 11:06:19,"2434","A",2022-06-26,2008.17353213802,3.51100772148741,5.93291363826377,2.87863841945725,2.14290968597883,4.65931407179188,3.59750219223472,6.72799090825753,4.96848258496709,117.833623180576,0.545334801846277,0.607061802909019,0.374865901353605,0.384522097203257,0.461310861050303,0.486257135158664,0.800496574618596,0.738232127496409
2022-06-27 11:44:43,"2434","A",2022-06-27,1971.59832403381,3.54710081338543,5.97014836894821,2.85496886282565,2.12950891252485,4.57180369554082,3.52425247645191,6.66638479239581,4.92157860732826,194.010605510713,0.572567661015502,0.616405669349417,0.380734598046465,0.386058414137996,0.511141623954071,0.51293244448857,0.846108515883112,0.780238856115334
2022-06-18 13:29:22,"2434","AT",2022-06-18,2396.85421338077,3.14331538677576,5.67055133338702,2.77593368796979,2.03404878385823,3.91057836879541,3.09726302953523,5.93416620109041,4.18142151774852,69.9095936837233,0.56785561692739,0.656901612695622,0.420862828789584,0.450177221116315,0.311769589720194,0.44978455502201,0.374508150762843,0.373336834819444
2022-06-19 16:43:01,"2434","AT",2022-06-19,2145.89520507158,3.16327816428391,5.69516718511619,2.86523561108911,2.12828838162521,4.21299494320456,3.30285573517238,6.40812819397806,4.61500832194315,13.387103505657,0.567113318990139,0.648241681840096,0.383105211386584,0.367307292730891,0.350219157047728,0.393870592082634,0.409957688652169,0.397789883428689
2022-06-20 11:43:18,"2434","AT",2022-06-20,1946.72312940433,3.2700971089716,5.81861726621188,2.86654489021161,2.1490473916001,4.29555487497002,3.33678010325375,6.57682113473701,4.75333717459135,139.30334769736,0.539854250403408,0.621299591156503,0.379544301203849,0.353668314588813,0.374606792516299,0.425168126155771,0.419749665252704,0.424783123349353
2022-06-21 11:59:48,"2434","AT",2022-06-21,1865.19799995003,3.36117571099124,5.8393225735342,2.86276654485928,2.11557500877641,4.38199242630475,3.39328348636627,6.41384345209095,4.6442965358076,130.417566822344,0.537817576300903,0.59941903790115,0.389446630098637,0.426616306588809,0.37231640495693,0.414554686663694,0.43878900662005,0.429739359689895
2022-06-22 11:47:29,"2434","AT",2022-06-22,2105.4454007629,3.41657494247794,5.93254060541924,2.82077027549551,2.07742087142437,4.47252734862194,3.44696685538778,6.13459655207685,4.43721931771705,55.5859271521599,0.562272220956578,0.637336142888806,0.407452819295627,0.402739818833403,0.383464177150841,0.424583580388042,0.474915994237796,0.463498023250559
2022-06-23 12:44:27,"2434","AT",2022-06-23,2094.30942412469,3.40308899977143,5.89942364503418,2.78472382093514,2.03483583169504,4.34495040547298,3.32509834665648,5.83268115508266,4.18784267801634,125.065236166725,0.580551284276381,0.638475194883751,0.463058193939338,0.443917612292389,0.399245339486969,0.456961028463244,0.485507301942938,0.460678997317719
2022-06-24 12:10:42,"2434","AT",2022-06-24,2106.3177493414,3.41403913480028,5.96351293592176,2.77747674956894,2.01836056150166,4.21633202182282,3.22794275656672,5.70864132653295,4.0811998274474,135.849899513636,0.617588034099255,0.630281893314452,0.45470897531932,0.459453342595661,0.418973254482789,0.490607445806173,0.487244859945026,0.468568959775956
2022-06-25 14:32:06,"2434","AT",2022-06-25,2118.03375992354,3.39487570103033,5.95581496889973,2.73188542307875,1.96318516110409,4.13363451831039,3.15687947782549,5.44873359128132,3.86464029553851,168.331722809743,0.695030931256013,0.633713192898338,0.492170176850932,0.499300516765394,0.367422715258177,0.49216976267351,0.482986807437931,0.458486824135697
2022-06-26 11:11:49,"2434","AT",2022-06-26,2130.66584194574,3.41193888652764,5.91251922069111,2.73091289504154,1.97826114622714,4.03725513728357,3.16416838337913,5.34148728544882,3.78291938950494,86.2543665793602,0.680831519917357,0.644996186299155,0.489865065889526,0.486091558368788,0.382618470985446,0.473969191722684,0.497357294650283,0.469366823957159
2022-06-27 11:50:22,"2434","AT",2022-06-27,2022.88195258715,3.41898024840983,5.93501061237738,2.72550098033103,1.96100388503238,4.05451367016057,3.13303799773032,5.3403152708636,3.79562999876063,90.1972516984442,0.707601583678272,0.624663985535139,0.497256804069288,0.51070125766379,0.385146222930297,0.476103158197686,0.489167242862689,0.470016345572667
2022-06-18 13:04:17,"2434","C",2022-06-18,2268.14484587166,3.19555720178792,5.65087345949611,2.83252743358568,2.12689962930144,4.32261686310265,3.36417998749277,6.68726297624363,4.92312509584131,103.032623142613,0.478271121410712,0.683676582579124,0.396724209203984,0.37397376641174,0.333639273281796,0.413683272608347,0.377271406904703,0.387119746584548
2022-06-19 17:13:00,"2434","C",2022-06-19,8806.57521943327,3.20589621630266,5.31185889594057,2.81129848807847,2.11559002342115,4.56814408286029,3.5542909906949,7.11121521291268,5.35649626842129,225.831056228471,0.437267070997835,0.696007012697021,0.361531649599498,0.359385901648758,0.343895460187922,0.389116635438054,0.337384096475933,0.35544077146969
2022-06-20 12:11:38,"2434","C",2022-06-20,11304.8636950236,3.23868634392514,5.33480193426136,2.79368231857892,2.10781290793066,4.56700397982397,3.55103402579104,7.13847270676198,5.36397229692408,349.859724558982,0.439815791933159,0.628934979526394,0.37219766439719,0.348860741631522,0.31253940295823,0.382790752577665,0.320632923898928,0.33277097784807
2022-06-21 12:17:49,"2434","C",2022-06-21,17885.38435809,3.31116652488708,5.31485399659619,2.8207291248596,2.11144194452278,4.63069079521635,3.60263823519226,7.16288973215438,5.37549738867089,1391.92418141221,0.449496773756505,0.64217077908246,0.345215077277377,0.362785320494061,0.32233895296108,0.395751620768692,0.34190513414882,0.348671164130367
2022-06-22 12:13:41,"2434","C",2022-06-22,28955.3936931217,3.32727139659218,5.50674596425796,2.79169688323826,2.1110290967397,4.58472705305668,3.56312069835062,7.09682681882837,5.30709606722781,1692.48507344704,0.437491356211806,0.659669973633145,0.351651250716359,0.362097499826904,0.305231368553155,0.392271761376482,0.308722057346611,0.314900537160639
2022-06-23 14:07:10,"2434","C",2022-06-23,66447.0966198727,3.25352590451111,5.33129203653685,2.74462653799991,2.06169033602182,4.24808384067491,3.3305636151899,6.7251832362854,4.94482226986575,6058.79852247818,0.422449281675706,0.706414264654286,0.367912816984745,0.372456771978755,0.31700962484633,0.392472970385736,0.305747781211776,0.328324947498733
2022-06-24 12:52:16,"2434","C",2022-06-24,86169.2011597433,3.16389404431746,5.16272755097947,2.70876445323034,2.02100259408075,4.00384778510218,3.15382531576675,6.48217902106523,4.71812071950089,1700.44247736643,0.411286784943367,0.740005719601192,0.365323092643285,0.368887051638597,0.313107662088799,0.415513101058857,0.33084212107334,0.345801220892056
2022-06-25 15:08:41,"2434","C",2022-06-25,81302.6134200578,3.13354195403854,5.19765776061747,2.68814321833733,1.9794619227395,3.62602572611716,2.9579420662388,6.04859673695301,4.30424189705603,8024.43962839828,0.41190220684527,0.794400442515167,0.414682295089564,0.428630085931466,0.331737799826585,0.446003561628477,0.372778603443562,0.382254070422038
2022-06-26 11:50:41,"2434","C",2022-06-26,85194.5283742829,3.16122664444024,5.17658049991685,2.66874689452379,1.93955273690408,3.58133702638478,2.90684069530577,5.69019470485099,3.97644124137531,4489.71579106873,0.400837243347577,0.804825550503107,0.447901970228886,0.471281597336852,0.333241378983413,0.473570102919093,0.410415458434747,0.402925474595389
2022-06-27 12:54:46,"2434","C",2022-06-27,90866.7288822519,3.12407559242994,5.12444693043245,2.61299968376839,1.90154940567666,3.58465516860259,2.88060572100751,5.45480581422092,3.7943933144628,5250.85337755782,0.41024193178765,0.814923996656002,0.517540404567645,0.506531146141475,0.349858673896033,0.474337253253507,0.392830362585114,0.410558820519111
2022-06-18 13:21:19,"2434","T",2022-06-18,2382.31663450779,3.12661966672091,5.64822377629752,2.84521205671643,2.12967141638566,4.38079808535032,3.41446382266475,6.89646451279437,5.13434285841878,134.286192158104,0.473543682778306,0.684190564736924,0.368339307770145,0.373055100887079,0.34159107519743,0.4373222206221,0.394900579959302,0.424234441185391
2022-06-19 17:28:09,"2434","T",2022-06-19,9625.42725531722,3.34225162772075,5.3154815855364,2.81357655054147,2.10862681927908,4.53786538814898,3.51655110736262,7.06667740213904,5.29681952268524,735.755989698911,0.44536668041981,0.66392437053077,0.354245631356858,0.352486767330788,0.325187648730926,0.395577540733453,0.314675913285,0.325777609146044
2022-06-20 12:22:31,"2434","T",2022-06-20,14266.2020594899,3.27041788654527,5.32913322951141,2.79722766625581,2.0874083417043,4.45263437928891,3.47348936513865,7.00754745605154,5.20681627598995,1088.17593130124,0.438647080277849,0.645408442620985,0.351633223115182,0.360646855646654,0.336978156190565,0.411816596513547,0.327490568683216,0.345493937099508
2022-06-21 12:27:04,"2434","T",2022-06-21,22796.0504711025,3.29798822578419,5.25404282900482,2.81380342989641,2.1299368359004,4.67222480137274,3.64515020253349,7.24961073513591,5.45980494108916,1659.64444962526,0.459772160109575,0.674051927441649,0.356621050129378,0.346239299993425,0.325214712646027,0.390141847181227,0.340058046077488,0.345619032382036
2022-06-22 13:11:58,"2434","T",2022-06-22,45550.8438470054,3.33174797375549,5.26979042354973,2.78534310551725,2.09041656036723,4.39102932932683,3.43224394214955,6.93036626458,5.14739442006153,13732.5192612985,0.411026396528061,0.670376750865627,0.35137181293114,0.359877449779821,0.331656989816114,0.399477134113966,0.338606384431915,0.34425762657128
2022-06-23 14:14:47,"2434","T",2022-06-23,69099.7509888441,3.28510032250331,5.27577644640671,2.72055627117303,2.01904924922635,3.93189624400442,3.122256914224,6.42441361086026,4.63476897539047,4061.08794926179,0.42859875979044,0.680059777691042,0.38535595686935,0.410518356627934,0.363673954455264,0.4515691135721,0.357566274261414,0.37327877994457
2022-06-24 12:58:57,"2434","T",2022-06-24,99337.691887549,3.08103274242983,5.10582804798359,2.67009932989723,1.98019301615069,3.80975406104981,3.03163583901233,6.04495938976159,4.30630434764905,6500.73216661007,0.420231479958601,0.764560533345624,0.394198664413783,0.429277857414241,0.342131884258799,0.446936090895013,0.410053369496601,0.411795697406768
2022-06-25 15:15:27,"2434","T",2022-06-25,93008.7027660191,3.17831862508421,5.16758833092676,2.63506414749573,1.93774767494936,3.37647652322682,2.82540515575476,5.52718428664843,3.84859821642369,5160.16234294109,0.413120287196585,0.763119890535527,0.468748042693979,0.469419164409151,0.367720872080581,0.486551371414169,0.407063423531463,0.413096719259518
2022-06-26 11:58:12,"2434","T",2022-06-26,91384.4786058189,3.13764690270979,5.19639821484312,2.56898397615225,1.8321034544243,3.3030526239388,2.73028230387761,5.0892572144489,3.46956230572614,11208.1212640019,0.419437564677547,0.785312775084497,0.543629446473894,0.574014711237797,0.380236746366226,0.578006790360163,0.421674527356113,0.42851741819019
2022-06-18 13:13:08,"2524","A",2022-06-18,2058.90883890336,4.58195081729697,5.76582266099044,3.1165415256866,5.83842451631142,6.0918609821744,5.05295939650796,5.91032602440854,4.41677378049667,111.147853486695,0.673354256348469,0.699671920705962,0.446834563278397,0.939796296187819,0.663651936829254,0.628552284452638,0.627469000894946,0.609738029735059
2022-06-19 16:27:29,"2524","A",2022-06-19,1936.68658016556,4.67517317719854,5.65460003161615,3.22486981641723,6.48795830402571,6.26183216685781,5.16938877475354,6.09931161791779,4.60648515327648,77.9435122226479,0.635827336537569,0.696599375837817,0.422562764191873,0.805748541974415,0.597774546241834,0.55140136945718,0.591159747958496,0.573348270091005
2022-06-20 11:35:46,"2524","A",2022-06-20,1721.52010976521,4.75746422318468,5.80514950150109,3.20543003537956,6.33440199777128,6.32266463566152,5.2365302601772,6.17262949715702,4.67776176644674,48.5982297838648,0.638746048126368,0.689035997940206,0.432140547328343,0.855066767250671,0.624668975436943,0.564645923054851,0.598988625090721,0.570885967347325
2022-06-21 11:44:43,"2524","A",2022-06-21,1649.19697890096,4.80106753139288,5.85432342544878,3.23095973519199,6.32216197414574,6.38279144207258,5.28378600567843,6.20976948023979,4.69648831299651,45.311884002529,0.641929768359642,0.700662404071702,0.438257320200033,0.845341455893934,0.576910028183708,0.537489145592307,0.581094642960399,0.568832359648195
2022-06-22 11:39:59,"2524","A",2022-06-22,1588.78635369202,4.92449741444345,5.89859474378791,3.28339896262702,6.66735867423526,6.45836738341272,5.35136087769169,6.28261271573729,4.75652000594274,71.637417988149,0.632939346385124,0.702693651590439,0.421341371365102,0.790947624179711,0.570416726645186,0.530119580380647,0.577258313450609,0.557234489457752
2022-06-23 12:38:04,"2524","A",2022-06-23,1417.4926957116,4.92850952100789,5.945384392996,3.27394866863945,6.66245412264022,6.49773253715541,5.38438637943995,6.33736644966526,4.81927186219803,200.272426457526,0.62528133039993,0.686069958913942,0.410209481816203,0.815726341022119,0.583437046098872,0.55117971892444,0.561730486716964,0.54666056854556
2022-06-24 12:04:14,"2524","A",2022-06-24,1168.3512251172,5.03210147519981,5.95781265875494,3.33339313600444,6.89337712316162,6.66698132416224,5.56461379175694,6.55856861392091,5.02266328172047,79.186085416589,0.62183733611779,0.675650375330486,0.416463160208647,0.723618978680838,0.562143323514421,0.542524287205947,0.570049608196973,0.575938740817496
2022-06-25 14:26:38,"2524","A",2022-06-25,1284.72090808818,5.0764874305754,5.98989176316366,3.32352942775107,6.79074841995326,6.58738177052224,5.47400424749766,6.42582674655524,4.91304620185343,116.757339381685,0.603629544559891,0.654632763556124,0.402040616095852,0.685056849626694,0.534159302592746,0.502840889648527,0.534054064048175,0.53540151052063
2022-06-26 11:06:59,"2524","A",2022-06-26,1313.76876696394,5.10036808086412,6.04591668120118,3.33179702408224,6.68374013547639,6.55465576352603,5.4369655489326,6.3904011183173,4.88210458665299,99.7853040182771,0.63114306143169,0.718548131622201,0.427984221772707,0.810123162246191,0.61684389481133,0.55233082256087,0.552128791508153,0.544573523404653
2022-06-27 11:45:25,"2524","A",2022-06-27,1109.30307751526,5.18442048535571,6.10066467994513,3.38097572031729,6.87110403208664,6.70631133154308,5.59294010095851,6.58927409723104,5.08879250378392,139.74502232868,0.621812649600662,0.685015432693523,0.422080794547329,0.757730769035812,0.610919212981974,0.558572992256601,0.554358073099373,0.548903595197319
2022-06-18 13:30:01,"2524","AT",2022-06-18,2142.24503300511,4.48489766351638,5.72396991034004,3.09601646926134,5.86539155148691,6.11600830818228,5.07719833531392,5.96910143283106,4.47263689194956,17.4120095610017,0.704320538081295,0.677273753076843,0.475011986506208,0.87597637947912,0.657841615369056,0.610760994103966,0.626705644039727,0.611492077061097
2022-06-19 16:43:40,"2524","AT",2022-06-19,1865.54458660188,4.56837419690712,5.78156036552855,3.2056878197628,6.56704897806305,6.26331253464642,5.1817319596626,6.14465895818171,4.64439848235617,76.3873503472541,0.706104068837613,0.707102517386141,0.468118089281049,0.967911595833468,0.668430861822102,0.634405175449436,0.611541723676536,0.598739059783776
2022-06-20 11:43:58,"2524","AT",2022-06-20,1700.11682003485,4.64664230131808,5.84861083209718,3.22985776845213,6.72663471275629,6.26598676365797,5.16992122589932,6.12512666552547,4.60552749723298,18.4903729925143,0.713485254039028,0.675639413682745,0.450152702637205,0.761404948225403,0.619957640688425,0.567200432154819,0.614974977624688,0.607962018278342
2022-06-21 12:00:29,"2524","AT",2022-06-21,1541.06157129501,4.64861361706568,5.88459339168729,3.2130934805245,6.71767879742145,6.31309521584716,5.22499844707008,6.22234678772489,4.69935373130233,40.3163778110943,0.69002038448922,0.67964209062194,0.433130447387626,0.813554874465411,0.601115427640841,0.568666370824603,0.624413764062169,0.620925726742173
2022-06-22 11:48:12,"2524","AT",2022-06-22,1218.96534246081,4.62865380511719,5.93834958961175,3.22731482373469,6.77370731804356,6.38229378936051,5.29664635124072,6.33919867460833,4.81982977978838,82.6384099506723,0.657981265363304,0.659086581995119,0.408839648420918,0.640235135508228,0.568575103178427,0.538598500094723,0.593548519398001,0.587388850663003
2022-06-23 12:45:09,"2524","AT",2022-06-23,1103.41311594437,4.527771457418,5.91226528191363,3.19725071423558,6.66701038307593,6.39013838712602,5.31796900659084,6.38486504536281,4.86995767069639,102.291219349899,0.614640782574397,0.637470600944664,0.384298409318284,0.667075803202406,0.563403148820622,0.529849965055065,0.574925248542604,0.5805903340478
2022-06-24 12:11:26,"2524","AT",2022-06-24,980.307265032678,4.57625251798563,5.97257399950789,3.2248341837586,6.68312518175033,6.46056272756419,5.39298911213129,6.52001474254381,4.98563661066019,85.1168305284256,0.676258893394028,0.615677476949941,0.393411843384801,0.745985467061852,0.622795967039325,0.571358399385683,0.582508325268122,0.630412303356701
2022-06-25 14:33:00,"2524","AT",2022-06-25,816.024322885404,4.46984627730215,6.02318144093956,3.14177663635076,6.58250395070135,6.42394338465466,5.35599626999945,6.45329648241916,4.94870881754261,69.9393925829141,0.628993103856589,0.595099941818774,0.409714923418862,0.699999239741435,0.555735663692342,0.52898710871068,0.559473168617287,0.552162887274006
2022-06-26 11:12:50,"2524","AT",2022-06-26,705.134757805378,4.45958472623873,6.05496612719469,3.13981622616982,6.57683119441953,6.41382314222413,5.34712271835892,6.42758116056289,4.91035801301832,153.505851952859,0.668280164018552,0.5832202949829,0.407009228386727,0.683076096306041,0.575732772593897,0.540204359983934,0.563917276625342,0.575255951303222
2022-06-27 11:51:26,"2524","AT",2022-06-27,580.568815552138,4.49337161764942,6.11138807549634,3.1757599534257,6.573697957412,6.45151112808409,5.39426918123789,6.52675218887924,4.9948330625401,71.3123597083691,0.655126071984693,0.628678520493846,0.423981138456394,0.719737363971033,0.609086932285042,0.560489987293658,0.554468872319452,0.573854361590275
2022-06-18 13:04:56,"2524","C",2022-06-18,2249.36690070263,4.89591057198846,5.77276855919669,3.19426372149129,5.98298247352739,6.13733016378625,5.04802323411878,5.90142618599585,4.41936607137192,125.350483070186,0.635036835812816,0.716945618564472,0.45559902488599,0.979070893941854,0.661376851955544,0.595496622951831,0.603902932009616,0.586850040404758
2022-06-19 17:14:30,"2524","C",2022-06-19,6494.84214632612,4.4311806163696,5.58134400844574,3.01834708700577,6.02239919235459,6.15152229495983,5.04128612873692,5.76283939399911,4.29410507591126,662.882379250339,0.702418370404486,0.698878390733607,0.48535365859612,0.95173491700942,0.627730321926549,0.603728062721391,0.584657896405627,0.577055727729779
2022-06-20 12:12:44,"2524","C",2022-06-20,8663.89997535247,4.2667271931588,5.57421867771132,2.9728583004954,6.03972786360752,6.04857006380302,4.94725979730538,5.69965913633987,4.17716493563256,314.826175014763,0.656421485204591,0.669637903534123,0.449900700680191,0.856223132484766,0.5674575078828,0.55032562259385,0.547067035707858,0.542659413993679
2022-06-21 12:18:46,"2524","C",2022-06-21,11829.4089922079,4.3264921797513,5.63078260621936,2.95618663900895,5.83959073508917,5.91385870085956,4.81094188093639,5.63677797149351,4.11301031410944,309.075498314781,0.58128086961163,0.653054596982405,0.444323470437632,0.813856250555113,0.471897795222737,0.465148456458499,0.46267780852153,0.462913253173148
2022-06-22 12:14:32,"2524","C",2022-06-22,14020.291991082,4.5611598773708,5.72272615242994,2.97950316576294,5.73322006925992,5.95808916489971,4.83537992247248,5.64725707569337,4.15430963214706,804.878004293152,0.597735743026035,0.661958219476088,0.444010821640968,0.779788515876114,0.47472555258987,0.473704201058152,0.472070120248033,0.463525565874416
2022-06-23 12:59:02,"2524","C",2022-06-23,13915.3877067952,4.814572987748,5.85994805483183,3.0221582988982,5.5828413955253,5.9889631797597,4.8604015720319,5.6711313080334,4.19749491008089,272.435135961774,0.60782607079548,0.686274982460266,0.437690711334377,0.776205462466318,0.487996804176909,0.489378255706502,0.471089453501114,0.482714654502927
2022-06-24 12:26:22,"2524","C",2022-06-24,13539.7103122311,4.84385256935281,5.89629754706737,3.01689233936872,5.61530265694523,6.06891220342655,4.9549134275726,5.76928395955742,4.32588192477434,256.612764404443,0.642133173551183,0.719098153717756,0.424013697673329,0.829914288112247,0.544037521812811,0.53127937162554,0.505843664818955,0.514102597465549
2022-06-25 14:42:49,"2524","C",2022-06-25,12206.7951379695,5.00053499580259,5.90439025962989,3.04188902252753,5.90968129922508,6.00813641824744,4.91661041120365,5.79248871493505,4.35894438683848,740.270982056135,0.650595514305964,0.677065777149796,0.448470559936538,0.849106953763778,0.554707256498769,0.54375972306809,0.549517716624749,0.545286121518024
2022-06-26 11:22:38,"2524","C",2022-06-26,11497.8792244022,5.04458688688994,5.85036899828716,3.06729032148059,6.05405975010473,5.90483740091432,4.8149739220752,5.76546529567274,4.30394213705631,833.412333522832,0.635455954812764,0.648669668620817,0.435502131226231,0.997168952298302,0.603612225459601,0.563690048431218,0.558455152958215,0.566007620230987
2022-06-27 12:23:51,"2524","C",2022-06-27,9113.77175835012,5.08172670428137,5.75704231736113,3.11936613923458,6.24896863524298,5.96990853511408,4.89078956598141,6.04073015881366,4.59567570289383,936.887999907281,0.646104064590867,0.65656890794389,0.421486990830796,0.898113046243922,0.615958162938771,0.576926236270679,0.593653354199849,0.595771633592876
2022-06-18 13:21:55,"2524","T",2022-06-18,2951.86452168141,4.58685713112179,5.62148174773397,3.11868852316605,6.04499289777362,6.16981848797051,5.0709585194488,5.86212597817218,4.4100106246199,42.7880315827552,0.691141143059106,0.715544651936024,0.465339386324209,0.866473397053727,0.629004521425177,0.600247895352943,0.586858106028088,0.588171191566043
2022-06-19 17:29:19,"2524","T",2022-06-19,11063.0305811235,4.21042849491869,5.48966187412775,2.96772661143075,6.01403293198688,5.96505449603782,4.87353197226844,5.74829260021117,4.25806452275696,453.311752107988,0.566516972010815,0.652819075679349,0.446626383737083,0.82296164228861,0.489512294631238,0.473997686567733,0.480968474039318,0.470130230935349
2022-06-20 12:23:19,"2524","T",2022-06-20,15495.3871578272,4.00348499376042,5.39519989836583,2.85610866975231,5.82431124810291,5.81581911725517,4.72376945903654,5.5166728383678,4.01726388249774,738.110185005363,0.515638745097191,0.604696079712797,0.459600905669123,0.588505289303058,0.390145227004682,0.399745456821385,0.412644555147391,0.413517911242495
2022-06-21 12:27:50,"2524","T",2022-06-21,18099.3466791,4.45743637465197,5.65394269906241,2.9513091154517,5.72921596164333,5.95274230729917,4.81763080101589,5.70209617789449,4.18403828966207,1636.86525180479,0.495196683056429,0.652867566964645,0.411759161116862,0.739692932175643,0.383756222409265,0.400855892734046,0.392589615036992,0.405302514722823
2022-06-22 12:22:56,"2524","T",2022-06-22,22057.7203219845,4.60679219427455,5.74998943581082,2.93932659532183,5.75799481211393,5.85786716095208,4.7485218765206,5.60575600162908,4.14895064962662,2078.92519585903,0.611842763241426,0.610390581724149,0.450213867230285,0.787527519805485,0.477369555041767,0.477724241815824,0.487551182370548,0.485658632890649
2022-06-23 13:05:08,"2524","T",2022-06-23,22562.5368652729,4.87631078419293,5.81531736525858,2.97821353060632,5.85671840883827,5.84770550518177,4.74936245335773,5.63484466766138,4.20495841640154,2407.49614235908,0.594102378743463,0.607242668414876,0.433542147716026,0.828675970349575,0.508841812146963,0.50136582202947,0.491464619889874,0.505477652373272
2022-06-24 12:35:37,"2524","T",2022-06-24,20053.6061435652,4.94264730353502,5.73002286298261,3.02107145083843,6.08503814244682,5.86763173101502,4.76854793575812,5.82397667883454,4.40451474496362,1904.21058736051,0.593258530676916,0.6235282885742,0.412614389837033,0.767117692233583,0.5088730799825,0.510337413324859,0.508687108290811,0.526726826875874
2022-06-25 14:51:56,"2524","T",2022-06-25,17131.6063687912,5.08367398144902,5.81213637753692,3.04989159954319,6.04746058801176,5.7025864350808,4.63041514213495,5.91444870617805,4.4695958111485,690.099204042194,0.589015561482594,0.655807190764352,0.407846421729185,0.730154417999641,0.509777573664557,0.489547772584225,0.523401253081036,0.540019837616992
2022-06-26 11:31:37,"2524","T",2022-06-26,17513.986353782,5.09014080825988,5.74989385019737,3.04912187585459,6.01642157662425,5.57617168101177,4.49589430302564,5.83517755486086,4.38224279577986,1043.45750687226,0.570499253210435,0.639133064103449,0.437509029216228,0.654767750535009,0.495408365895095,0.491388057651005,0.524140903823961,0.548368021036652
2022-06-27 12:32:55,"2524","T",2022-06-27,15199.6264159643,5.08553304477871,5.75541818552133,3.07518674222611,5.91325898786396,5.58210686529169,4.51459539977882,5.99503131175306,4.55367161812386,428.973655014888,0.58391990146888,0.668141778261862,0.411074659274505,0.595080402921503,0.489131861314057,0.491118875458536,0.528136572879125,0.529949975627707
